screen_name,name,description,description_urls,expanded_url,followers_count,following_count,listed_count,id,category,tag,query,from,type,date_added
0x5uff3r,sleepywinz.exe,"PhD in Ponzinomics
@coingecko MRA
@HoogaVentures @HoogaGaming certified degen
own brain, own opinions.
bearish on life, bullish on tech",[],https://🕹👽🍔💰.y.at,0,3767,0,912207396,crypto,website,0xLeoWolfie,following,person,2026-02-02 00:00:00
0x61656c,Aaron Lebel,in medias res,[],https://aaronlebel.com,0,348,0,2503062565,crypto,website,0xLeoWolfie,following,person,2026-02-02 00:00:00
0x7477,Tyler W,"the yield must flow @vaultsfyi // commentary on DeFi, stablecoins, yield",[],https://tylerw.fyi,0,3159,0,1082724937746530305,crypto,website,kashev,following,person,2026-02-02 00:00:00
0x_Robbie,Robert,Head of Research & Institutional Relations @union_build | Formerly tradfi and fintech,[],https://research.union.build,0,278,0,1589223413662490625,crypto,research,0xxbeacon,following,person,2026-02-02 00:00:00
0xAlxq,alxq,Building products at the intersecition of AI & web3,[],https://alxq.com,0,335,0,2235932112,crypto,website,itsnickford,following,person,2026-02-02 00:00:00
0xCapitulation,Capitulation Capital,暗黒舞踏,[],https://whop.com/thehaven/?a=lo…,0,37,0,1287278627151736833,crypto,whop,PhilippInvest,following,person,2026-02-02 00:00:00
0xCorina,Cori.eth 🐝,DeFi girlfriend 🌼 Mentor @hypernestDAO 🦋 prev. growth @venusprotocol @defiantnews @skyecosystem | @shefiorg cohort 5 l certified ICF coach 🧠,[],https://0xcorina.notion.site,0,2516,0,1347221316999512065,crypto,notion,kashev,following,person,2026-02-02 00:00:00
0xDeric,Deric | AGI Social Contract,"Researching policies to redesign governments for the upcoming AI economic transformation.

@alchemy 5th SWE | @google research  | @web3university founder",[],https://deric.io,0,272,0,463991115,crypto,website; research,itsnickford,following,person,2026-02-02 00:00:00
0xEricBrown,eric.base.eth,"leading DevRel @base | accelerating builders with AI tools, onchain opportunities, frontier insights | former founder onchain since '17",[],https://ericbrown.io,0,1406,0,1097502501534924800,crypto,website,kashev,following,person,2026-02-02 00:00:00
0xfilter8,Filter8,Building @mintbay_co & @glyfoc || Artist || Indie-Dev || Fully 0n-Chain Creator,[],https://filter8.xyz,0,1520,0,47306745,crypto,website,0xxbeacon,following,person,2026-02-02 00:00:00
0xfreestyler,Free Styler | DeFi 🌹,DeFi Insights | Research | Infographics | Education | Contributor | posts are nfa | thoughts are my own | TG: https://t.co/tPByArted6,https://t.me/freestylerdefi,https://substack.com/@freestyler1,0,608,0,1751255665845145600,crypto,blog,TheDeFiKenshin,following,person,2026-02-02 00:00:00
0xGeeky,FROSTY 🧸,chief rumor monger - DeFi • NFT • AI | marketing & growth. ex lead @KingdomlyApp @youmio_ai,[],https://0xGeeky.com,0,2400,0,621737512,crypto,website,0xxbeacon,following,person,2026-02-02 00:00:00
0xGomm,0xGomm,,[],https://dune.com/0xgomm,0,646,0,1480802770190204930,crypto,research,0xxbeacon,following,person,2026-02-02 00:00:00
0xJaehaerys,jaehaerys 🪽,@geloraresearch,[],https://jaehaerys.xyz,0,1857,0,1160854381555867648,crypto,website; research,CryptoNdee,following,person,2026-02-02 00:00:00
0xJim,Jim,"former founder, now product @lifiprotocol / prev @catalystsystem (acq.), product @aave, @ripple",[],https://jimchang.xyz,0,847,0,1179611794228174849,crypto,website; research,0xLeoWolfie,following,person,2026-02-02 00:00:00
0xKaden,kaden.eth,"evm security eng/research, LSR @spearbit / @cantinaxyz",[],https://kaden.xyz,0,287,0,1200227965079916545,crypto,website; research,0xLeoWolfie,following,person,2026-02-02 00:00:00
0xKofi,Kofi,Senior Data Nerd @Base | Built https://t.co/BzTsLR2zWn (Smart Wallet Data) | 🇬🇭,https://www.bundlebear.com/eip7702-overview/all,https://0xKofi.com,0,214,0,1367393425331544070,crypto,website; research,CryptoNdee; patfscott,following,person,2026-02-02 00:00:00
0xkowloon,0xkowloon,"https://t.co/aJLv9QDWIG
https://t.co/z1wpoen9ht",[],https://0xkowloon.substack.com,0,907,0,1009026524895371269,crypto,blog,0xLeoWolfie,following,person,2026-02-02 00:00:00
0xLittleGhost,LittleGhost👻,DeFi Research & Breakdowns | Content @Token_Logic,[],https://littleghost.im,0,485,0,1825643221302542336,crypto,website; research,TheDeFiKenshin,following,person,2026-02-02 00:00:00
0xmattegoat,Matteo 🧩,CEO @PragmaOracle,[],https://matteo.posthaven.com,0,1463,0,1430593087139635202,crypto,research,CryptoNdee,following,person,2026-02-02 00:00:00
0xMoei,Moei,married an amazing wife💍 | co-founder of @zumolabs_xyz,[],https://0xmoei.xyz,0,4503,0,1396299468782329859,crypto,website,0xxbeacon; TheDeFiKenshin,following,person,2026-02-02 00:00:00
0xnandhu,nandhakishor 🔛⛓️🍀,Babysitting  @exprmntsdotfun @lotrydotfun | Contributor @Zetachain | @proofofmallu,[],https://nandhakishor.xyz,0,1847,0,1363061506099716100,crypto,website,0xLeoWolfie,following,person,2026-02-02 00:00:00
0xNanoly,Coindix,"Today’s best vaults on the DeFi. Monitoring +10,000 vaults on 63 protocols through 27 chains. Website: https://t.co/6XcLJpF5j4",['https://coindix.com'],https://www.coindix.com,0,282,239,1405807058599940097,crypto,"platform, tools, analytics",0xGCS,list,platform,2026-02-02 00:00:00
0xOptimus,Optimus,"🦀 | cs @uwaterloo | prev swe intern @ flashbots, @base, @axelar, @amazon | wizard @dune | fellow @paradigm | founder @wlooblockchain | ETHDenver 2025 winner",[],https://dune.com/optimus,0,909,0,1517291333437767680,crypto,research,0xxbeacon,following,person,2026-02-02 00:00:00
0xResearch,0xResearch,"Welcome to the show. 

Hosted by @salveboccaccio & @defi_kay_.

Podcast by @BlockworksRes.",[],https://0xresearch.carrd.co,0,174,0,1585261659983052804,crypto,research,0xxbeacon,following,platform,2026-02-02 00:00:00
0xrishng,Rishabh Narang,Lead @SharpeLabs @Hive_intel,[],https://rishabhnarang.com,0,480,0,739059810511900673,crypto,website,CryptoNdee,following,person,2026-02-02 00:00:00
0xTajigen,Citizens of Tajigen,,[],https://tajigen.xyz,0,28,0,1492238107730755585,crypto,website,Flipping_Crypto,following,person,2026-02-02 00:00:00
0xThoor,Thor,@nascent  |  @onchaintimes,[],https://www.onchaintimes.com/,0,635,2553,3039445715,crypto,"research, blog",Eli5defi,list,person,2026-02-02 00:00:00
0xtimdev,Tim,"I try to build dumb things for retard people -
Bitter Software Engineer",[],https://0xtimdev.xyz,0,708,0,1808784080512954370,crypto,website,poorlydrNFT,following,person,2026-02-02 00:00:00
0xwonj,wonjae.eth,"Blockchain Researcher at {@SeoulNatlUni, @DecipherGlobal}",[],https://wonjae.eth.limo,0,624,0,1558892888809156608,crypto,website,0xxbeacon,following,person,2026-02-02 00:00:00
10x_Research,10x Research,"Where Investors Gain Their Edge — Before Everyone Else. You shouldn’t trade blind. With https://t.co/cKkpDhh0du, you won’t. Smart traders rely on our research.",https://10xresearch.com/,https://update.10xresearch.com,0,581,247,1577559897197010944,crypto,research,TaikiMaeda2,following,platform,2026-02-02 00:00:00
1337AlphaTeam,1337 Alpha,"1337 is a community comprised of elite individuals who specialize in cryptocurrency investments, trading, and networking.

https://t.co/UUeJ4zXZOC",https://www.tensor.trade/trade/1337,https://discord.gg/1337alpha,0,108,0,1507784552764350464,crypto,interesting,0xxbeacon,following,dao,2026-02-02 00:00:00
1kbeetlejuice,beetle,,[],https://dune.com/beetle,0,1276,0,1510806220445261825,crypto,research,TaikiMaeda2; kashev,following,person,2026-02-02 00:00:00
1kxnetwork,1kx,We are a research-driven global investment firm specializing in blockchain technologies.,[],https://1kx.capital,0,294,0,978008453225496576,crypto,research,JustinCBram,following,firm,2026-02-02 00:00:00
3azima85,Azima 🛸,@3rdStCapital | @unidentifiedDao | shitposter | Gooner COYG,[],https://dune.xyz/azima,0,2912,0,260180304,crypto,research,CryptoNdee; 0xxbeacon; 0xLeoWolfie; PhilippInvest,following,person,2026-02-02 00:00:00
_dexuai,Dexu AI,"Find trends early. 

Quantifying the attention economy. AI-driven social analytics platform",[],https://dexu.ai/,0,1,283,1800418207364272128,crypto,"platform, tools, analytics",0xGCS,list,platform,2026-02-02 00:00:00
_snaerr,sheheryar,systems guy. crackhead cto.,[],https://cherryman.org,0,244,0,1660771017415962627,crypto,website,JustinCBram,following,person,2026-02-02 00:00:00
a1research__,A1 Research,Research | Data Analytics | Advisory,[],https://a1research.io,0,5,0,1713104739335110656,crypto,research,CryptoNdee; 0xxbeacon,following,platform,2026-02-02 00:00:00
aadams,Austin Adams,building @whetstonedotcc | advising @variantfund | prev @uniswap,[],https://aada.ms,0,1666,0,357724845,crypto,website; research; interesting,TaikiMaeda2; kashev; JustinCBram,following,person,2026-02-02 00:00:00
acc8_labs,Accelerate Labs,"Thesis Driven Web3 Research & Dev.

Building @funnel_markets
HyperEVM Bubblemaps @ https://t.co/IQ2HyJlILz",[],https://acc8.xyz,0,35,0,1908489564714385408,crypto,research,poorlydrNFT,following,platform,2026-02-02 00:00:00
ACER_xy,Acer | Content Strategist,"▶I shape narratives for web3 privacy founders and Series A privacy tech. ▫▫ Content strategy that funds privacy protocols ▫▫ Cult ➨ @sheFiorg, @scribble_dao.",[],https://notion.so/The-Conversion…,0,397,0,1212712740554326016,crypto,notion,TheDeFiKenshin,following,person,2026-02-02 00:00:00
adreondotai,adreon,,[],http://adreon.ai,0,187,78,1766006587507023872,crypto,research,Eli5defi,list,platform,2026-02-02 00:00:00
adrianleb,adrianleb,reading mode,[],https://adrians.info,0,1080,0,81670762,crypto,website,CryptoNdee,following,person,2026-02-02 00:00:00
AirdropGlideApp,Ed | AirdropGlideApp,"Ed: Founder of https://t.co/c8bobt3YMP |
Tracking every airdrop and the best DeFi strategies!",https://airdropglideapp.io/,https://linktr.ee/airdropglideapp,0,2703,0,1529095175569608704,crypto,interesting,hellios_og,following,platform,2026-02-02 00:00:00
AleaResearch,Alea Research,"Objective analysis for sophisticated capital allocators. Helping protocols with strategic positioning.

https://t.co/DFYzbB3Eap",['https://alearesearch.io/research'],https://linktr.ee/AleaResearch,0,1651,559,1555515751267811328,crypto,"research, reports",Eli5defi,list,platform,2026-02-02 00:00:00
alexgolding_,Golding,"VC @Delphi_Digital.  Prev: @solana

Opinions my own

Writing about frontier tech with a focus on crypto strategy, AI (esp biotech*AI), and entrepreneurship",[],https://AlexanderGolding.com,0,5619,0,4151169190,crypto,website,0xLeoWolfie,following,person,2026-02-02 00:00:00
alexwestco,Alex West 🚀,"Unemployed. Made my first $1M with https://t.co/NRrprPVGSl. Started building in 2018, failed with 19 products, got lucky with 1. Taking a break and writing all about it.",https://cyberleads.com/,https://alexwest.co,0,643,0,2780546982,crypto,interesting,patfscott,following,person,2026-02-02 00:00:00
alitiknazoglu,ali.base.eth,product guy | building @inflynce on @base | @lume_labs,[],https://alitiknazoglu.xyz/socials,0,1650,0,1308123100576387072,crypto,website,kashev,following,person,2026-02-02 00:00:00
alphascan_xyz,"AlphaScan AI (🎯,🚀)","AI-powered DeFi Sentiment Analytics & KOL Tracking powered by $ASCN.

Staking → https://t.co/AtqKo6fRpG
Docs → https://t.co/KgXwN4RGRD","['https://staking.alphascan.xyz', 'https://alphascan.gitbook.io/']",https://app.alphascan.xyz,0,160,536,1598707576295890946,crypto,"platform, tools, analytics",0xGCS,list,platform,2026-02-02 00:00:00
amitchax,Amit Chaudhary,Founder @ Stealth | Research Fellow @uniofwarwick | Ex Head of DeFi Research @0xPolygon | Ex @jpmorgan | econ Ph.D. | engineering @IITKanpur,[],https://amit-chaudhary.com,0,467,0,2817159037,crypto,website,CryptoNdee,following,person,2026-02-02 00:00:00
analyticalali,Ali,Crescat scientia; vita excolatur ◎ CSO @moveindustries ◎ Venture Partner @recvcx ◎ @_ledao🥐 ◎ @InternDAO @Uchicago @Flexport,[],https://alisheikh.io/,0,9598,0,64021497,crypto,website,itsnickford; 0xxbeacon,following,person,2026-02-02 00:00:00
angstromxyz,Angstrom,The future of decentralized exchange | Built by @sorellalabs,[],https://angstrom.xyz,0,1,0,1763907155642474496,crypto,website,0xLeoWolfie,following,person,2026-02-02 00:00:00
animocaresearch,Animoca Brands Research,Empowering Web3 with data-driven insights. Research by Animoca Brands @animocabrands,[],https://research.animocabrands.com/,0,64,117,1569951330944581638,crypto,"research, reports",Eli5defi,list,platform,2026-02-02 00:00:00
AppleNvidia,AppleNvidia ∞ KIN,Founder @AppleNvidiaAlfa 💎 Alpha is Darkness let me Shine the Light ⚡️ I track Smart Money 🧠🧠 Scout @SeedifyFund @Wise3Ventures @getmoni_io OG | Angel and VC,[],https://whop.com/applenvidiaalp…,0,7501,0,1762548802509225984,crypto,whop,hellios_og,following,person,2026-02-02 00:00:00
arjunnchand,Arjun Chand,B2B SaaS with the bois @lifiprotocol @JumperExchange newsletter & pod: https://t.co/YpeP3czNCK,https://lifi.substack.com/,https://arjunnchand13.medium.com,0,5051,0,925318239990693888,crypto,blog,TheDeFiKenshin,following,person,2026-02-02 00:00:00
arkham,Arkham,Trade with Intelligence 🔎 | Cryptocurrency Exchange & Blockchain Analytics Platform | Earn up to $100 in rewards for registering.,[],https://arkm.com,0,95,4071,1123403704323805184,crypto,"platform, tools, analytics",0xGCS,list,platform,2026-02-02 00:00:00
arndxt_xo,arndxt,"Slumbered into the depths of 🥩 | 🍄 | 🧠  

EdgeX VIP2 link for 10% more points: https://t.co/16pY0NrIin

TG: https://t.co/LZey0AcSFc",https://t.me/threadingontheedge,https://ThreadingontheEdge.substack.com,0,1759,0,1577290996026511360,crypto,blog,itsnickford; 0xxbeacon; 0xLeoWolfie; TheDeFiKenshin; patfscott; PhilippInvest,following,person,2026-02-02 00:00:00
artemis,Artemis,"Metrics that matter for digital assets, DATs, fintech and stablecoins. Trusted by Visa, Grayscale, VanEck, WisdomTree, and Pantera.",[],http://app.artemisanalytics.com,0,1274,847,1518996068687663104,crypto,"research, analytics, platform",Eli5defi,list,platform,2026-02-02 00:00:00
artemis,Artemis,"Metrics that matter for crypto, fintech & stablecoins. Trusted by Visa, McKinsey, Grayscale, VanEck & Pantera. Built for analysts.",[],http://app.artemisanalytics.com,0,1275,855,1518996068687663104,crypto,"platform, tools, analytics",0xGCS,list,platform,2026-02-02 00:00:00
ask_caesar,Ask Caesar,The smartest research AI on X.,[],https://caesar.xyz,0,1,0,1947599482100629505,crypto,research,PhilippInvest,following,bot,2026-02-02 00:00:00
asxn_r,ASXN,"Boutique Digital Assets Research, Infrastructure and Validators | @asxnlabs",[],https://www.asxn.xyz/,0,1083,525,1651245573226332160,crypto,research,Eli5defi,list,platform,2026-02-02 00:00:00
Auri_0x,Auri,"I don't actually believe anything I talk about, I'm just saying words recreationally",[],https://auri0x.io,0,2636,0,1549357759023714304,crypto,website,TaikiMaeda2; kashev; 0xxbeacon,following,person,2026-02-02 00:00:00
avi_eisen,Avraham Eisenberg,"Applied game theorist.

blog occasionally at https://t.co/WaEeKoB8pk, formerly https://t.co/7pCTSXyDWp

""not ... a very serious person"" - Scott Alexander",https://misinfounderload.substack.com/,https://deepfivalue.substack.com,0,1041,0,2839135427,crypto,blog,itsnickford; 0xLeoWolfie; PhilippInvest,following,person,2026-02-02 00:00:00
awesamarth_,Samarth,i like building cool stuff and explaining it | devrel engg @risechain,[],https://awesamarth.dev,0,859,0,1489117086953910272,crypto,website,CryptoNdee,following,person,2026-02-02 00:00:00
Belminkalkan,0xRecruiter,Building https://t.co/F2oqKR0Sik | @offchainlabs/@arbitrum /@Binance | Arbitrum DAO Delegate |,https://0xrecruiter.com/,https://0xrecruiter.com,0,6529,0,1273339161777516546,crypto,interesting,itsnickford,following,person,2026-02-02 00:00:00
benlakoff,Ben Lakoff,"Entrepreneur | Investor | CFA 

@banklessvc",[],https://benlakoff.com/,0,3380,0,868398699851816960,crypto,website,JustinCBram,following,person,2026-02-02 00:00:00
biancoresearch,Jim Bianco,"Macro investment research at https://t.co/hQqAza8GGP

Our total return index is at https://t.co/vta9eqevnU
The ETF WTBN tracks our Index.

biancoresearch.eth","https://www.biancoresearch.com/, https://www.biancoadvisors.com/",https://biancoresearch.com,0,1409,0,188369814,crypto,research,JustinCBram,following,firm,2026-02-02 00:00:00
BillyM2k,Shibetoshi Nakamoto,the dumbass who made dogecoin | https://t.co/nmb2pyTTif | sign up for itrustcapital using https://t.co/dym6e6bOxF for a $100 bonus,https://billym2k.net/partnerships,https://billym2k.net,0,420,0,30699048,crypto,website,patfscott,following,person,2026-02-02 00:00:00
BinanceResearch,Binance Research,"Providing institutional-grade analysis, in-depth insights, and unbiased information to all participants in the digital asset industry.

https://t.co/ljTYqlhepa",['http://t.me/BinanceResearch'],https://research.binance.com/,0,36,3573,985688130509393920,crypto,"research, reports",Eli5defi,list,platform,2026-02-02 00:00:00
bitfalls,Bruno Skvorc,"Polygon Devrel. Building https://t.co/KGtB9MQeDp. I build and write at https://t.co/PVDA0zA99S and launch on https://t.co/RMLevtXKCw. Write-only account, find me on TG @swader.",https://x402.watch/,https://bruno.eth.link,0,7145,0,125083073,crypto,website; blog,kashev; 0xLeoWolfie,following,person,2026-02-02 00:00:00
BlockAnalitica,Block Analitica,"The risk team behind the USDS (DAI) stablecoin.

DeFi risk curation and management services since 2019.",['https://blockanalitica.substack.com/'],https://blockanalitica.com/,0,85,87,1616000324879228934,crypto,"research, analytics",Eli5defi,list,platform,2026-02-02 00:00:00
BlockScholes,Block Scholes,"Institutional-grade crypto analytics, data and research for digital assets.
Next-gen intelligence for next-gen markets.

https://t.co/wF9Ro8W6J5
https://t.co/nTrHauS2bR","['http://t.me/blockscholes', 'http://docs.blockscholes.com']",https://www.blockscholes.com/,0,247,75,1306539805656915968,crypto,"research, analytics, platform, reports",Eli5defi,list,platform,2026-02-02 00:00:00
blockworksres,Blockworks Research,"The best research, data, and governance insights all in one place.",[],https://blockworks.co/get-research/,0,38,1014,1522646662895783941,crypto,"research, reports",Eli5defi,list,platform,2026-02-02 00:00:00
bmrothenberg,Brian Rothenberg,"General Partner @defyvc | ex-VP of Growth @Eventbrite (IPO), and startup founder & scaler. Dad x4 (!)",[],https://brianrothenberg.com,0,838,0,61514209,crypto,website,itsnickford,following,person,2026-02-02 00:00:00
BowTiedIguana,BowTiedIguana | DeFi & Cybersecurity Researcher,"Join 45,000 readers - best DeFi research since 2021 https://t.co/TnqvgrvX5t  Team @BowTiedBull | Projects & contact 👇",https://defieducation.substack.com/,https://bowtiediguana.com,0,606,0,1345082666635280384,crypto,research; blog,Flipping_Crypto; patfscott,following,person,2026-02-02 00:00:00
brandank_cr,Brandon Hong,Tweets on the most asymmetric crypto trades & private market investments. All in on humanoid robots and AI. Private Discord: @BHInsights_,[],https://whop.com/bhinsights/,0,92,0,859218442892726272,crypto,whop,TaikiMaeda2; kashev; JustinCBram; PhilippInvest,following,person,2026-02-02 00:00:00
breizhnode_,BreizhNode | EasyNode,"Co-Founder of @easynodexyz Crypto, blockchain, and masternode enthusiast Join Discord: https://t.co/7UsWtLWZ3j (EN/FR)",https://discord.com/invite/NRnceGDqNW,https://medium.com/@breizh-node,0,574,0,1381708079788605442,crypto,blog,0xxbeacon,following,person,2026-02-02 00:00:00
bubblemaps,Bubblemaps,The leading visual analytics platform for onchain trading and investigations – powered by $BMT → https://t.co/SZRDmmCXzc,['http://intel.bubblemaps.io'],https://bubblemaps.io/,0,326,1967,1385312402795859968,crypto,"platform, tools, analytics",0xGCS,list,platform,2026-02-02 00:00:00
Carolinakeith_1,Professor Keith 🏫📈,"pro data analyst | Live streams 2x per week and daily charts | crypto since 2018
panthers/heels/hornets |

nothing I do is financial advice. Let's discuss!",[],https://whop.com/team786,0,95,0,131737652,crypto,whop,patfscott,following,person,2026-02-02 00:00:00
castle_labs,Castle Labs 🏰,Institutional-Grade Research & Advisory,[],https://linktr.ee/castle_labs,0,968,0,1558383497575890944,crypto,research,hellios_og; 0xxbeacon; patfscott,following,firm,2026-02-02 00:00:00
cherrypick_xyz,CherryPick,"On-chain & financial metrics, charts, data for #altcoin | All tweets are not financial advices",[],https://cherry-pick.xyz,0,216,113,1589922576868024321,crypto,"platform, tools, analytics",0xGCS,list,platform,2026-02-02 00:00:00
Citrini7,Citrini,"Thematic, Cross-Asset Investment Research",[],https://citriniresearch.com,0,2230,0,1365809270034477069,crypto,research,TaikiMaeda2; JustinCBram,following,firm,2026-02-02 00:00:00
cmdefi,CM,"陈默 DeFi OG.
Core LUNAtics. 
// DeFi Research and Practice.",[],https://cmdefi.io,0,3634,0,971201087767068672,crypto,website,0xLeoWolfie,following,person,2026-02-02 00:00:00
crypto_madz,Madz,"Bitcoin 13 / Sweat more during peace, Bleed less during war 🗝️Market Guide👇",[],https://whop.com/madz-market-gu…,0,862,0,255502022,crypto,whop,hellios_og,following,person,2026-02-02 00:00:00
CryptoGodJohn,Johnny,"👑 For first access to all my trades, onchain plays, and daily market insights signup to @wealthgroup 🔥 My posts are not financial advice. Disclaimer",[],https://whop.com/wealthgroup/,0,884,0,210623431,crypto,whop,itsnickford,following,person,2026-02-02 00:00:00
CryptoKoryo,Crypto Koryo,Founder @_dexuai | Narratives | Data maxi,[],https://dexu.ai/,0,729,1834,1453478721063620613,crypto,"research, analytics, platform",Eli5defi,list,person,2026-02-02 00:00:00
CryptoShiro_,Shiro,Former Research Analyst for a VC | Curatooor & Threadooor | Alpha Channel 💎 https://t.co/lcWgGa421B | Working w/ @GREEND0TS,https://t.me/shiroalpha,https://linktr.ee/cryptoshiro,0,1689,0,1396104470371651585,crypto,research; blog,0xxbeacon; TheDeFiKenshin; patfscott; PhilippInvest,following,person,2026-02-02 00:00:00
Cryptotrissy,Trissy,"One final bull run

https://t.co/dTXalVRUda",https://t.me/TrissysEdge,https://cryptotrissy.substack.com,0,976,0,3007589515,crypto,blog,CryptoNdee; 0xxbeacon; 0xLeoWolfie; PhilippInvest,following,person,2026-02-02 00:00:00
CryptoUB,UB,Price Action Trader | @TheHavenCrypto | Not Financial Advice | Join My Community ⬇,[],https://whop.com/thehaven/?a=ub,0,545,0,949749627418562561,crypto,whop,NeronCrypto,following,person,2026-02-02 00:00:00
CurveCap,crv.mktcap.eth,"📧 https://t.co/baE1fLyad9
""Literally Erotica, but for Degens""

DeFi maxi
#Curve #Vyper #Llama

As seen on @Leviathan_News",https://curve.substack.com/,https://curve.substack.com,0,2482,0,1326211445978144768,crypto,blog,0xLeoWolfie; patfscott,following,person,2026-02-02 00:00:00
CyprxResearch,Cyprx Research Lab Official,"Frank Head of Cyprx Research Lab | Exclusive insights on Blockchain, Geopolitics, Web3 & DeFi | Join us in exploring the future of finance & technology!",[],https://www.cyprxtrading.com/,0,204,43,1836501488283045888,crypto,research,Eli5defi,list,platform,2026-02-02 00:00:00
dcbuilder,dcbuilder.eth ⚪️,🇪🇺🇨🇿. math. Ethereum. ZK. Rust. @worldcoinfnd. accelerating @worldcoin. World Chain⚪️. angeling in friends. Hopeful about humanity.🦀👽,[],https://dcbuilder.dev,0,5011,0,848628608738488321,crypto,website; research,CryptoNdee; JustinCBram; 0xLeoWolfie,following,person,2026-02-02 00:00:00
DeanEigenmann,Dean Eigenmann,"unreasonable voice of reason, thinking about markets at @marketsincorp

ex: @projectblanc_ch, @ensdomains, @ethstatus",[],https://dean.eigenmann.me,0,500,0,2402911406,crypto,website,JustinCBram,following,person,2026-02-02 00:00:00
DeBankDeFi,DeBank,"Your go-to portfolio tracker for Ethereum and EVM

DM: https://t.co/puNWk5uUBM",['http://debank.com/hi/0a110133'],https://DeBank.com,0,3308,2029,1156037602488639490,crypto,"platform, tools, analytics",0xGCS,list,platform,2026-02-02 00:00:00
Decentralisedco,DCo,"Buying the bottom and drafting narratives. 

Working with @orogoldapp @SemiLiquidx @SuperGamingNPC 
@AcreBTC @velo_xyz @TheGridData @Qiro_Finance @showdown_gg",[],https://Decentralised.co,0,259,311,1764631141926002689,crypto,"research, blog",Eli5defi,list,platform,2026-02-02 00:00:00
dee_centralized,Dayana Aleksandrova,"new media lead + content @walletconnect prev. @cointelegraph, @bankofamerica / @shefiorg. My opinions.",[],https://dayanas.notion.site/Blockchain-Por…,0,3557,0,1675601181911949317,crypto,notion,kashev,following,person,2026-02-02 00:00:00
DeFi_Cheetah,DeFi Cheetah - e/acc,Investing @VelocityCap_｜prev @BinanceResearch｜Disclaimer: No Financial Advice,[],https://anthony-chan.notion.site,0,4923,0,1501968038991925249,crypto,notion,TaikiMaeda2; kashev,following,person,2026-02-02 00:00:00
defi_mago,DeFi Mago,DeFi Research | @Dune Data Wizard 🧙‍♂️. Turning On-Chain Chaos into Visual Alpha | Vibing with Stablecoin & LST,[],https://dune.com/defimago,0,780,0,1641371795889725442,crypto,research,TheDeFiKenshin,following,person,2026-02-02 00:00:00
DefiIgnas,Ignas | DeFi,"Subscribe to my DeFi blog to get ahead of the curve 👉 https://t.co/7O0WAdXUnT

Co-founder of @PinkBrains_io DeFi Creator Studio",https://www.ignasdefi.com/,https://ignasdefi.com,0,1689,0,831767219071754240,crypto,blog,TaikiMaeda2; kashev; JustinCBram; 0xxbeacon; TheDeFiKenshin; patfscott; PhilippInvest,following,person,2026-02-02 00:00:00
DefiLlama,DefiLlama.com,"Open and transparent DeFi analytics. @DLNews for news

For support: https://t.co/skXWYXnpK4",['http://defillama.com/support'],https://defillama.com/,0,24,4637,1321585610654687241,crypto,"research, analytics, platform",Eli5defi,list,platform,2026-02-02 00:00:00
definalist,Definalist,5 Traders based on china🇨🇳 & core member of @Dumpster_DAO,[],https://definalist.notion.site/Definalist-951…,0,177,0,1418249451785785353,crypto,notion,TaikiMaeda2,following,person,2026-02-02 00:00:00
DeFinci_,Lorenzo DeFinci,"Aspiring Da Vinci but for DeFi ⚖️ - Data Nerd and DeFi strategist - 

TDE Ventures - Seed Deals @thedefiedge",[],https://linktr.ee/defincidigital,0,364,0,1469226002035445765,crypto,research; blog,patfscott,following,person,2026-02-02 00:00:00
Degenerate_DeFi,Stablecoin Intern,research @messaricrypto | finding stablecoin gems,[],https://messari.io/research/qorban-ferrell,0,454,197,862868996294451200,crypto,"research, reports",Eli5defi,list,person,2026-02-02 00:00:00
delete_shitcoin,☀️☀️☀️☀️☀️☀️☀️☀️☀️☀️☀️☀️☀️☀️☀️☀️☀️☀️☀️☀️☀️☀️☀️☀️,Larpers who self-style as CEOs or CTOs or VCs are a bigger problem than the establishment. They can’t build anything and will sell you out in 2 seconds.,[],https://nikolai.fyi,0,430,0,1516853888124608512,crypto,website,0xLeoWolfie,following,person,2026-02-02 00:00:00
delitzer,Dan Elitzer,Backing early-stage teams @nascent,[],http://nascent.xyz,0,2172,849,23656945,crypto,research,Eli5defi,list,person,2026-02-02 00:00:00
Delphi_Digital,Delphi Digital,A research-driven firm dedicated to making crypto happen sooner and better than it would without us.,[],https://linktr.ee/Delphi_Digital,0,998,5129,1037045241084342272,crypto,research,hellios_og; 0xxbeacon; 0xLeoWolfie; patfscott; PhilippInvest,following,platform,2026-02-02 00:00:00
delphi_intel,Delphi Intelligence,"Deep research spanning AI, robotics, and adjacent technologies.",[],http://delphiintelligence.io/,0,1,55,1907070754442641408,crypto,research,Eli5defi,list,platform,2026-02-02 00:00:00
derek_wolters,Derek Wolters,"Gambler/Investor. I write about technology, media, and crypto @ https://t.co/LegsGGf281",https://dw.substack.com/,https://DerekWolters.com,0,485,0,46078351,crypto,website; blog,TaikiMaeda2; JustinCBram,following,person,2026-02-02 00:00:00
desamtralized,deSAMtralized🦀🛠,Software Developer. Decentralization maxi.,[],https://sambarbosa.tech,0,2558,0,64826303,crypto,website,patfscott,following,person,2026-02-02 00:00:00
DexCheck_io,DexCheck AI,"Web3 data infrastructure and on-chain analytics tools, powered by the $DCK token. 🦉Incubated by @Chain_GPT https://t.co/8qEsWSjphk",https://t.me/dexcheck,https://dexcheck.ai,0,1556,0,1411560672270327811,crypto,interesting,patfscott,following,platform,2026-02-02 00:00:00
dexscreener,DEX Screener,Realtime DEX analytics,[],https://dexscreener.com,0,241,1257,1452480311405727751,crypto,"platform, tools, analytics",0xGCS,list,platform,2026-02-02 00:00:00
divine_economy,david phelps,"cofounder @jokerace_io 
write on web3 @ https://t.co/SxoZmGADyy
angel https://t.co/1bRybuBYWV",https://divine-economy.github.io/,https://davidphelps.substack.com,0,1035,0,1379448557711818759,crypto,blog,0xxbeacon,following,person,2026-02-02 00:00:00
dknugo,dknugo,Ex Corporate VC,[],https://dune.com/dknugo,0,1806,0,1046352560,crypto,research,0xxbeacon; 0xLeoWolfie,following,person,2026-02-02 00:00:00
dl_research,DL Research,"Crypto native research, branding and analytics.  Powered by @defillama @dlnews

TG newsfeed: https://t.co/rObOsxiuKD

DMs open!",https://t.me/dl_research,https://dlnews.com/research/,0,111,0,1783030673231495168,crypto,research,patfscott,following,platform,2026-02-02 00:00:00
dmihal,David Mihal.eth,ERC-20 minimalist,[],https://davidmihal.com,0,2613,0,2730853586,crypto,website,kashev,following,person,2026-02-02 00:00:00
dntse,David Tse,"Professor at Stanford University (https://t.co/LJLXu7aKyi, https://t.co/lwU5yWvC6W) Co-founder of  Babylon protocol, Information theorist.",https://www.davidtse.io/,https://davidtse.io,0,171,0,2162542329,crypto,website,0xxbeacon,following,person,2026-02-02 00:00:00
DoombergT,Doomberg,"Account no longer active, as explained here:
https://t.co/eS3eVGe4jE
All other green chickens are impostors. 
DMs checked infrequently.",https://newsletter.doomberg.com/p/notes-on-x,https://doomberg.substack.com/about,0,1431,0,1384579353217019906,investing,newsletter,patfscott,following,platform,2026-02-02 00:00:00
drydenwtbrown,Dryden,Rome will still stand at the end. https://t.co/s2svOvziYS,https://www.praxisnation.com/join,https://drydenbrown.posthaven.com/about,0,4963,0,878945155335716864,crypto,website,patfscott,following,person,2026-02-02 00:00:00
Dune,Dune | We Are Hiring!,"📊 The onchain data platform. 

Making crypto data accessible. Start here: https://t.co/Y2KEzZ78BM 

Dune for Devs @DuneSim",['https://linktr.ee/DuneAnalytics'],http://dune.com,0,633,2973,1039449274344529920,crypto,"research, analytics, platform",Eli5defi,list,platform,2026-02-02 00:00:00
DV_Memetics,Deep Value Memetics,"Institutional-grade Stock & Crypto research. Join our Research Alpha discord, via website ⬇️.",[],https://deepvaluememetics.com,0,1093,0,1853838753405808640,crypto,research,poorlydrNFT,following,platform,2026-02-02 00:00:00
DWFVentures,DWF Ventures,Investing in founders pushing frontiers for the future of Web3 | NFA & DYOR,[],https://www.dwf-labs.com/ventures,0,26,262,1656492244906708992,crypto,research,Eli5defi,list,firm,2026-02-02 00:00:00
DynamoDeFi,Dynamo DeFi,"DeFi news, trends, tutorials, and analytics.

YouTube: https://t.co/VCUtE749Xn
Newsletter: https://t.co/YXXGug6t9V",https://www.youtube.com/dynamodefi,https://dynamodefi.com,0,16,0,1391102593477320705,crypto,blog,patfscott,following,person,2026-02-02 00:00:00
earnski_,Earnski 💵 ⛷️,I Invest In Multi-Family Real Estate 🏘️ and Bet sports 🏈 🏀 ⚾️ lose small win BIG 💰,[],https://whop.com/the-locker-roo…,0,942,0,1269683643972124673,crypto,whop,poorlydrNFT,following,person,2026-02-02 00:00:00
ebfull,Sean Bowe,"Zcash developer and crypto researcher, also on bluesky @/seanbowe.com",[],https://seanbowe.com,0,288,0,2518224535,crypto,website; research,TaikiMaeda2,following,person,2026-02-02 00:00:00
ed_roman,Ed Roman,"Co-Founder (2017–2025) Hack VC
Founder (2014-2025) hack.summit()
CEO (2014-2015) HackHands
CEO (2008-2012 Ghostfire Games
CEO (2000-2003) TheServerSide",[],https://about.me/Edro,0,395,0,32497365,crypto,website,0xxbeacon,following,person,2026-02-02 00:00:00
Eli5defi,Eli5DeFi,Visual Information Layer of Web3 | TG Channel ➠ https://t.co/NquSvtpCHc | Substack ➠ https://t.co/v8sw4Lo157 | All Posts NFA + DYOR,https://eli5defi.substack.com/,https://linktr.ee/Eli5DeFi,0,7041,0,1481568237624393730,crypto,blog,hellios_og; 0xxbeacon; TheDeFiKenshin; patfscott,following,person,2026-02-02 00:00:00
elie2222,Elie Steinbock — oss/acc,"Building https://t.co/0MTUhgDLIE, your executive assistant for email. 15k users. OSS | Cursor Ambassador | YouTube on open source: https://t.co/qf66pPJzgf",https://www.youtube.com/elie2222,https://elie.tech,0,3146,0,158899715,AI,"website, education",Flipping_Crypto,following,person,2026-02-02 00:00:00
emilianobonassi,Emiliano Bonassi,Head of Rollup Eng and Product @conduitxyz | Researcher and investor with interest in security | fmr: @yearnfi @awscloud | opinions are my own 🦇🔊,[],https://emilianobonassi.com,0,700,0,15253843,crypto,website; notion; research,0xxbeacon,following,person,2026-02-02 00:00:00
Esongsofficial,ESONGS_eth,i create researched driven contents on DEFI narratives || Amb @eoracle_network || creator @scribble_DAO,[],https://notion.so/Esongs_eth-220…,0,494,0,1458513068363710469,crypto,notion,TheDeFiKenshin,following,person,2026-02-02 00:00:00
ExitLiqCapital,nick (boxing/fitness arc),"Calendar GCR

semi-retired derivatives trader

schizophrenic and retarded

savant",[],https://whop.com/dontbeexitliqu…,0,1504,0,546991634,crypto,whop,itsnickford,following,person,2026-02-02 00:00:00
ExponentialDeFi,exponential.fi,The all-in-one platform to earn yield with DeFi.,[],https://exponential.fi,0,176,183,1491868563346366468,crypto,"platform, tools",0xGCS,list,platform,2026-02-02 00:00:00
FEhrsam,Fred Ehrsam,"Co-founder @Nudge, @Paradigm, @Coinbase",[],https://fehrsam.xyz,0,2607,0,315991624,crypto,website,itsnickford; 0xxbeacon; 0xLeoWolfie,following,person,2026-02-02 00:00:00
FlagshipFYI,Flagship.FYI 🟦,"✦ The superapp for AI driven crypto alpha ✦

Market-beating alpha
Any token, any chain
For $FYI holders only
In private beta",[],https://linktr.ee/flagshipfyi,0,947,82,1460708818007040007,crypto,"research, ai, analytics, platform",Eli5defi,list,platform,2026-02-02 00:00:00
FreedomXarokk,Xarokk🔺 🧬,"Avalanche Team1 member  | @movementlabsxyz Chief Scholar | 
@StableJack_xyz Advocate  | @SnowGuard_ Member | @Covalent_HQ Alchemist OG",[],https://succulent-silene-cc2.notion.site/Xarokk-Wiki-b5…,0,2214,0,908249769860091904,crypto,notion,0xxbeacon,following,person,2026-02-02 00:00:00
friend_tweeter,Friend Tech Tweeter,"The first ever social experiment on https://t.co/bur08Iil04 | 
(pseudo)anonymously post tweets through the key-holders chat |
Publicly identify and ban users you dont like!",https://www.friend.tech/keys,https://medium.com/@friend_tweete…,0,2,0,1695525112055803904,crypto,blog,0xxbeacon,following,person,2026-02-02 00:00:00
functi0nZer0,laurence,@wildcatfi // the promise of the emptiness machine,[],https://laurence.day,0,5070,0,22758405,crypto,website,TaikiMaeda2; kashev; JustinCBram; 0xLeoWolfie,following,person,2026-02-02 00:00:00
gabrielbianconi,Gabriel Bianconi,ceo @tensorzero · open-source stack for industrial-grade LLM applications,[],https://gabrielbianconi.com,0,193,0,14535731,crypto,website,JustinCBram; 0xxbeacon,following,person,2026-02-02 00:00:00
gajesh,Gajesh,"engineer, chaos agent @eigencloud ($12B+ AUM). fmr: @solana, LZ, FTX, TG. perpetually curious. studying human-machine coordination.",[],https://gajesh.com,0,2813,0,807257752775065601,crypto,website,CryptoNdee,following,person,2026-02-02 00:00:00
glxyresearch,Galaxy Research,$GLXY | Newsletter https://t.co/gS6b9XUHVt | Podcast https://t.co/hsBUlryJiw | Reports https://t.co/l3rGJmoE8y Disclaimer: https://t.co/dZG0gOY8I6,"['http://gdr.email', 'http://galaxybrains.io', 'http://galaxy.com/research', 'http://galaxy.com/social-disclaimer/']",https://galaxy.com/research,0,70,462,1130966748382072839,crypto,"research, fund, reports",Eli5defi,list,platform,2026-02-02 00:00:00
gofordylan,dylanb.eth,Formerly known as limes.eth. Steward @ens_dao Building transparency with https://t.co/9r4eIgUSUL,https://safenotes.xyz/,https://dylanbrodeur.org,0,492,0,1386002728673968129,crypto,website,kashev,following,person,2026-02-02 00:00:00
gogokikaider,grey.base.eth,"Web3 Consultant, Certified @base enjoyer, Degen, Onchain Artist // on Farcaster @greyseymour",[],https://greyseymour.xyz,0,4522,0,1625075013266345986,crypto,website,kashev,following,person,2026-02-02 00:00:00
green_but_red,Green But Red,"Researching and documenting journeys to have daily green portfolios. 
Ex Crypto Fund Analyst.

TG channel: https://t.co/vbWu52yFqi",https://t.me/curatedcrypt0,https://curatedcrypt0.substack.com,0,1026,0,1855960856690839552,crypto,blog,kashev; TheDeFiKenshin,following,person,2026-02-02 00:00:00
gudtech_ai,Gud Tech,AI for crypto research 🔎  What's your gud take? https://t.co/V69BS3Wjr6,https://ai.zircuit.com/,https://gud.tech,0,16,0,1858457222826840065,crypto,interesting,hellios_og,following,platform,2026-02-02 00:00:00
heygeorgekal,George Kal,"Engineering Manager @ Contentful
Building side projects & sharing creator insights  
Tech, product & pragmatic AI takes",[],https://georgekal.com,0,739,0,1136925724810653696,crypto,website,kashev,following,person,2026-02-02 00:00:00
HFAresearch,Humble Farmer Army,Premium market research and an exclusive community to keep you ahead in the crypto markets. 2 premium videos and an AMA livestream every week,[],https://whop.com/humble-farmer-…,0,2,387,1673325659349811200,crypto,"research, whop",TaikiMaeda2; kashev; 0xxbeacon; patfscott,following,dao,2026-02-02 00:00:00
HighCoinviction,Daniel Cheung,Co-Founder @SyncracyCapital. Speculator. Not Financial Advice. Disclaimer: https://t.co/eNJU7B9FH0,['https://www.syncracy.io/disclaimer'],,0,90,1083,1268013291944771584,crypto,"research, fund, reports",Eli5defi,list,person,2026-02-02 00:00:00
himgajria,him,"Following the crowd, from the front.",[],https://himgajria.com,0,2341,0,1054149844384669696,crypto,research; blog,hellios_og; JustinCBram; 0xLeoWolfie; TheDeFiKenshin,following,person,2026-02-02 00:00:00
HKbuidl,HK Builders,,[],https://notion.so/Vision-Values-…,0,3,0,1886016609418178560,crypto,notion,CryptoNdee,following,dao,2026-02-02 00:00:00
Hydra_Thahmid,HYDRA,I livestream my trades everyday inside discord,[],https://whop.com/everyday-live-…,0,61,0,1532375257734123521,crypto,whop,CryptoNdee,following,person,2026-02-02 00:00:00
ilikesymmetry,conner.base.eth,"onchain @base, co-founded @0xstation (acq. @coinbase), almost bought a constitution",[],https://connerswenberg.com,0,801,0,1301239135789879296,crypto,website,kashev,following,person,2026-02-02 00:00:00
Indian_Bronson,ib,"https://t.co/SN8lIlBeQu 
urbit: ~tiplen-tarryc
@indian_bronson vienna dot earth, telegram, discord, etc.",https://indianbronson.substack.com/,https://indianbronson.substack.com,0,8538,0,1357717304931479552,crypto,blog,patfscott,following,person,2026-02-02 00:00:00
info_insightful,Insightful,"Making you more insightful about Airdrops, Web3 and more | Info Asymmetry Addict | https://t.co/8wVIsSHCmZ",[],https://insightfulinfo.substack.com,0,901,0,1246515373370945543,crypto,blog,0xxbeacon,following,person,2026-02-02 00:00:00
IQAICOM,IQ AI,"IQ AI builds AI and DeFi technology powered by the IQ token. 
🇰🇷 Creator of KRWQ, the first Korean won stablecoin @KrwqCash",[],https://iqai.com/,0,2308,509,2896892108,crypto,"platform, tools",0xGCS,list,platform,2026-02-02 00:00:00
jake_pahor,Jake Pahor,"DeFi creator & analyst | Documenting my quest for financial freedom | 🇦🇺 

https://t.co/rlYY20wRI3",['https://jakepahor.substack.com/'],https://linktr.ee/jake_pahor,0,1168,1029,1466971677389037573,crypto,"research, blog",Eli5defi,list,person,2026-02-02 00:00:00
JamesCliffyz,Shogun 🦇🔊,"Roo in DeFi and JPEGs
Buying tops selling bottoms
| Chef @SteakhouseFi
| @castle__cap",[],https://dune.com/shogun/,0,612,0,1174524342761218048,crypto,research,TaikiMaeda2; kashev; PhilippInvest,following,person,2026-02-02 00:00:00
jarrodwatts,Jarrod Watts,vibe coding tips · ai tools & workflows · building @abstractchain,[],https://www.jarrodwatts.com/,0,1226,488,1366011468911497216,crypto,"research, website",Eli5defi,list,person,2026-02-02 00:00:00
jasonzhao,Jason Zhao,,[],https://jasonjinzhao.com,0,1394,0,2309465642,crypto,website,0xxbeacon,following,person,2026-02-02 00:00:00
javierbyte,Javier Bórquez,Mexicano. Software ▲ @Vercel,[],https://javier.xyz,0,707,0,317992786,crypto,website,0xLeoWolfie,following,person,2026-02-02 00:00:00
jay_drainjr,jay,investing @a16zcrypto | winning is everything,[],https://jaydrainjr.com,0,1589,0,324229111,crypto,website,hellios_og,following,person,2026-02-02 00:00:00
jayantkrish,Jayant Krishnamurthy,"CTO @DouroLabs, contributor to @PythNetwork and @fogochain",[],https://jayantkrish.com,0,427,0,56499489,crypto,website,0xxbeacon,following,person,2026-02-02 00:00:00
jbrukh,Jake Brukhman,Founder & CEO @coinfund_io. Engineer. Investor. Researcher of crypto networks. Champion of the builders of the new internet. (Not investment advice.),[],https://brukhman.com,0,6748,0,14592709,crypto,website,JustinCBram,following,person,2026-02-02 00:00:00
jeremykauffman,Jeremy Kauffman 🦔🌲🌕,"Be free, make babies, build stuff, and have fun

New Hampshire supremacist",[],https://kauffj.com,0,2155,0,36996328,crypto,website,patfscott,following,person,2026-02-02 00:00:00
jianxliao,jian,hci × ai | “the agent guy” @agentbase_,[],https://jian.world,0,1730,0,1573002046143614977,crypto,website,CryptoNdee,following,person,2026-02-02 00:00:00
jillgun,Jill Gunter ☕,Cofounder @espressosys ☕️ Prior Lives @slow @chain @goldmansachs ⛓️ I want to @makeopenmoney,[],https://jillrgunter.com,0,2704,0,169312819,crypto,website,kashev; 0xxbeacon,following,person,2026-02-02 00:00:00
John1wu,John Wu 🔺,"President @avalabs, open innovation @avax. @cornell @harvard alum. Views are of my own. Not financial advice.",[],https://johnwu.finance,0,1953,0,1020364389222793216,crypto,website,itsnickford; patfscott,following,person,2026-02-02 00:00:00
John_Rocker_,Johnny Rocker,let’s get that bag,[],https://beniaminmincu.com,0,1183,0,1361490260518047747,crypto,website; interesting; blog; research,itsnickford,following,person,2026-02-02 00:00:00
jon_charb,Jon Charbonneau 🇺🇸,Co-founder @dba_crypto,[],https://dba.xyz,0,508,0,1484537340412452868,crypto,research,TaikiMaeda2; kashev; JustinCBram; patfscott,following,person,2026-02-02 00:00:00
Jon_HQ,Jon_HQ,"Follow for Web3 security alpha. 

My clients include @PudgyPenguins, @Doodles, etc.

Contributor @BoringSecurity @Server_Forge

I provide Discord audits.",[],https://jonhq.com/tweet-threads/,0,4074,0,14352891,crypto,website,CryptoNdee,following,person,2026-02-02 00:00:00
jonmoore202,Jonathan Moore,@tcg_crypto,[],https://jonmoore.xyz,0,1402,0,1226667228466159616,crypto,website; research,TaikiMaeda2,following,person,2026-02-02 00:00:00
jpoGMI,john o’connell,Venture Situations @proofgp | joconnell34 on tg / discord,[],https://johnoc.xyz,0,2472,0,3601391055,crypto,website,JustinCBram,following,person,2026-02-02 00:00:00
jtguibas,John Guibas,proving what's real @succinctlabs. prev @stanford,[],https://jtguibas.com,0,1897,0,1486964475261374464,crypto,website,TaikiMaeda2,following,person,2026-02-02 00:00:00
JustDeauIt,Michael Nadeau | The DeFi Report,"Founder @ The DeFi Report |  Research, Market Insights, and Onchain Data: https://t.co/xa8A2CcHq8",['https://thedefireport.io/'],https://www.linkedin.com/in/michael-austin-nadeau/,0,530,386,1264365405684092928,crypto,"research, reports, picks",Eli5defi,list,person,2026-02-02 00:00:00
jyatrofsky,Jessica Yatrofsky ✡︎,"Artist, Author & Activist 💋 | Web3 | Founder of @VIPrivacyKey + @1KiSSHL BTS Lady @LiquidLaunchHL",[],https://jessicayatrofsky.com/links,0,3097,0,144036212,crypto,website,poorlydrNFT,following,person,2026-02-02 00:00:00
K33Research,K33 Research,"Understand the digital assets industry, from short-term market signals to long-term fundamentals. Formerly Arcane Research.",[],https://k33.com/info-research,0,289,550,1205485980213530628,crypto,"research, fund, reports",Eli5defi,list,platform,2026-02-02 00:00:00
Kaffchad,Kaff 📊,"Daily Ape #2017
3000+ collabs & networking

Contributor: @LunarStrategy
ABS: @SeiNetwork

DailyAPE: https://t.co/lmJEtUqKhq

DM: https://t.co/ZRiosL8lTf",https://t.me/KaffDailyApe,https://thekafka.substack.com,0,2477,0,1446022911681200128,crypto,blog,TheDeFiKenshin,following,person,2026-02-02 00:00:00
Kairos_Res,Kairos Research,Crypto Research Firm | Staking with @Firstset_,[],https://kairoscrypto.substack.com/,0,3,315,1747380908359864320,crypto,"research, blog",Eli5defi,list,person,2026-02-02 00:00:00
karine_hsu,Karine Hsu,partner @slopeagency | former YC founder + pro badminton player 🏸 | snack + kdrama enthusiast,[],https://karinehsu.com,0,4289,0,1668886004,crypto,website,patfscott,following,person,2026-02-02 00:00:00
kashev,petar.base.eth,Crypto Class 2017 ⟠ Past: @ambire @AdEx_Network ⟠ @Safaryclub Cohort 2 ⟠ Research / opinions are my own,[],https://petar.xyz,0,643,0,1633774820155445248,crypto,website,hellios_og,following,person,2026-02-02 00:00:00
katie_haun,Katie Haun,"Founder and CEO @HaunVentures. Alum @Coinbase Board, @a16z, @TheJusticeDept, @Stanford, @USSupremeCourt w/Justice Kennedy. Teach from time to time @StanfordGSB.",[],https://Haun.co,0,786,0,857994826230374401,crypto,research; blog,itsnickford,following,person,2026-02-02 00:00:00
kenchangh,ken,Working on space and hardware. former founder/engineer in crypto,[],https://kenchangh.com,0,1714,0,1701685844,crypto,website,JustinCBram,following,person,2026-02-02 00:00:00
KhalaResearch,Khala Research,Research house focused on Crypto x AI,[],http://khala.io,0,2,55,2003447478860099584,crypto,research,Eli5defi,list,platform,2026-02-02 00:00:00
Kiojame_,Kiojame,The desire to write grows with writing.                               PoW⤵️,[],https://notion.so/KIOJAME-S-RESE…,0,855,0,1307075276304769033,crypto,notion,TheDeFiKenshin,following,person,2026-02-02 00:00:00
knowerofmarkets,knower,keyboard warrior,[],https://knwr.io,0,7431,0,1359201532810571779,crypto,website; research; blog,TaikiMaeda2; kashev; 0xLeoWolfie; patfscott,following,person,2026-02-02 00:00:00
KobeissiLetter,The Kobeissi Letter,"Official X account for The Kobeissi Letter, an industry leading commentary on the global capital markets. Email us: support@thekobeissiletter.com",[],https://thekobeissiletter.com/subscribe,0,601,0,3316376038,crypto,research,itsnickford; patfscott,following,platform,2026-02-02 00:00:00
korpi87,korpi,"DeFi educator, a member of Degen Score Citadel and DeFi Omega.

https://t.co/b2515JNSdJ

Follow me for crypto-related topics.",https://lenster.xyz/u/korpi,https://bit.ly/korpi-Notion,0,741,0,2375428142,crypto,notion,JustinCBram,following,person,2026-02-02 00:00:00
kylascan,Kyla Scanlon,"All decisions made on the basis of incoming data and the balance of risks | Author of ""In This Economy?” | KylaScanlonTeam@unitedtalent.com",[],https://kylascanlon.com,0,990,0,2725104191,crypto,website; blog,TaikiMaeda2; kashev; patfscott,following,person,2026-02-02 00:00:00
l2beat,L2BEAT 💗,"L2BEAT is an open-source, public-good analytics and research platform dedicated to L2 scaling solutions 💗",[],https://l2beat.com/,0,225,766,1413088055162978306,crypto,"research, analytics, platform",Eli5defi,list,platform,2026-02-02 00:00:00
LarkDavis,Lark Davis,"Entrepreneur & Bitcoin investor. Founder of The Inner Circle, the best Discord community in crypto! Tweets not financial advice.",[],https://whop.com/larkdavis/lark…,0,2377,0,30325257,crypto,whop,patfscott,following,person,2026-02-02 00:00:00
lazyvillager1,More Recently The Giver,MF PE investor sharing views cross-assets (crypto/eq/credit) | Key pieces in highlights | Comments =/= investment advice | Subscribe: https://t.co/M3ZJx4ZSnJ,['http://lazyvillager1.substack.com'],https://t.me/SamenessClub,0,492,1516,1453470881510948864,crypto,"research, blog",Eli5defi,list,person,2026-02-02 00:00:00
lemur_labs,Lemur Labs,Messenger of Clear Ideas for Web3 Builders 🧠 📝,[],https://www.alpha-hunt.com/,0,33,17,1763102762714193920,crypto,research,Eli5defi,list,platform,2026-02-02 00:00:00
litcapital,litquidity,founder @litquidityvc // newsletters @exec_sum & @cryptosum_ // @baincapvc scout // trade on polymarket: https://t.co/kXGzvIdxOS,[],https://litquidity.co,0,1027,0,932630991298007041,crypto,blog,0xLeoWolfie,following,person,2026-02-02 00:00:00
LogarithmicRex,Logarithmic Rex,The ticker is ETH   |   Host of @sigtheory,[],https://logrex.eth.limo,0,106,0,1465205451826483202,crypto,website,itsnickford; 0xLeoWolfie; patfscott,following,person,2026-02-02 00:00:00
LomahCrypto,Loma,@thehavencrypto ︴@twistthestudio ︴@egirl_capital,[],https://whop.com/thehaven/?a=lo…,0,2074,0,995500158417711104,crypto,whop,TaikiMaeda2; kashev; patfscott; PhilippInvest,following,person,2026-02-02 00:00:00
loopfixyz,Loop,"Max leverage, max points, max yield with LP tokens as smart collateral | https://t.co/mwDynhj0BP |",['http://app.loopfi.xyz'],,0,153,38,1752594491280601088,crypto,"platform, tools",0xGCS,list,platform,2026-02-02 00:00:00
LorisTools,Loris Tools,"The Original Real-Time Crypto Funding Rate Arbitrage Screener | 100% Free, Forever | No Login Required",[],http://loris.tools,0,4,33,1970485439355330562,crypto,"platform, tools, analytics",0xGCS,list,platform,2026-02-02 00:00:00
LukaGrunt,Luka Grunt,Building. Shipping. Learning in public. 🟠,[],https://lukagrunt.com,0,3608,0,1516470518232367111,crypto,website,kashev,following,person,2026-02-02 00:00:00
LunaIfe2,Ms.Luna✨✍️,Product & Ops thinker ||Technical writer ✍️ || i ship bots and build clarity ||BD @fossapay ||Baddie at @Polybaddies💙,[],https://paint-adapter-c04.notion.site/LUNA-Work-Spac…,0,735,0,1545137930385121284,crypto,notion,TheDeFiKenshin,following,person,2026-02-02 00:00:00
LynAldenContact,Lyn Alden,Founder of Lyn Alden Investment Strategy. Blended finance and engineering background. Author of Broken Money. GP @egodeathcapital. BoD at Bakkt and @Swan.,[],https://lynalden.com,0,939,0,823766058909761536,crypto,research,hellios_og; JustinCBram; patfscott,following,person,2026-02-02 00:00:00
MacroAlf,Alf,Founder & CIO of Palinuro Capital | Founder of The Macro Compass: Institutional Macro Research,[],https://TheMacroCompass.com,0,337,0,1344759366671589376,crypto,research,hellios_og; patfscott,following,person,2026-02-02 00:00:00
marcov_91,MarcoV,Blockchain Data Analyst ⛓️🔍,[],https://dune.com/Marcov,0,1028,0,1144709557740089345,crypto,research,patfscott,following,person,2026-02-02 00:00:00
MariaShen,mariaa.eth 🐸,General Partner @ElectricCapital. Views my own. 🦇🔊,[],https://www.developerreport.com,0,6698,864,27134030,crypto,"research, reports",Eli5defi,list,person,2026-02-02 00:00:00
mario_deblock,Mario,,[],https://mario.ventures,0,1310,0,104152197,crypto,website,poorlydrNFT,following,person,2026-02-02 00:00:00
marvellousdefi,Marvellous | DeFi🕊️🌿,A chill alpha bird tweeting alphas as soon as it comes | Dm for collab ASAP  | TG: https://t.co/A1rxwkQg98 |,https://t.me/Marvedefi,https://ambitious-gong-9b7.notion.site/Marvellous-DeF…,0,2598,0,1743699179677913097,crypto,notion,TheDeFiKenshin,following,person,2026-02-02 00:00:00
maybeltr,LTR,Professionally Curious Dog | Soli Deo Gloria | @Delphi_Digital | https://t.co/PmkP0iAJmR | https://t.co/zfuMnYzMf0,https://t.me/thedoggodigs,https://maybeltr.substack.com,0,3232,0,1472312412443332608,crypto,blog,TaikiMaeda2,following,person,2026-02-02 00:00:00
mementoresearch,Memento Research,Narrative Amplifier,[],https://mementoresearch.com/publications/,0,172,94,1853367604603457536,crypto,research,Eli5defi,list,platform,2026-02-02 00:00:00
MessariCrypto,Messari,Messari is the leading provider of crypto market intelligence products that help professionals navigate crypto with confidence.,[],https://linktr.ee/MessariCrypto,0,358,7764,412587524,crypto,"research, analytics, platform, reports",Eli5defi,list,platform,2026-02-02 00:00:00
MetaDockTeam,MetaSuites (Prev. MetaDock),"Builders’ Swiss Army Knife

/ 20+ Web3 Tools in 1 Browser Extension
/ Explain Tx with AI
/ 300M+ Address Labels
/ Fund Flow Map

👉TG: https://t.co/H0Red9rwKn",['http://t.me/BlockSecTeam'],https://blocksec.com/metasuites,0,59,63,1600465978944499712,crypto,"platform, tools",0xGCS,list,platform,2026-02-02 00:00:00
MetaSleuth,BlockSec MetaSleuth,Crypto Tracking by @BlockSecTeam / Monitor Movements / Track Crime / DYOR / TG: https://t.co/6a39wbNU24 / 🚀  NEW: Try Phalcon Compliance FREE @Phalcon_xyz,['http://t.me/MetaSleuthTeam'],http://metasleuth.io,0,122,150,1494250691686137860,crypto,"platform, tools",0xGCS,list,platform,2026-02-02 00:00:00
MFL_tw,M.F.L✺♦️,♦️crypto:thegame S1 winner ♦️ cryptogaming dreamer ♦️,[],https://boom-side-f43.notion.site/social-link-a3…,0,7009,0,1156046022595903490,crypto,notion,0xLeoWolfie,following,person,2026-02-02 00:00:00
michaelbeer01,Michael Beer,"@CrackedDevs, Prev $175m exit (founding eng)",[],https://michaelbeer.lol,0,1943,0,1491440766522122242,crypto,website,patfscott,following,person,2026-02-02 00:00:00
micutxo,Michele,On Chain Analyst | DISCORD : https://t.co/YjKdBaGKZw,https://whop.com/wealthgroup/,https://whop.com/wealthgroup,0,302,0,1007325467001618434,crypto,whop,Flipping_Crypto,following,person,2026-02-02 00:00:00
MilkRoadAI,Milk Road AI,"Get smarter about AI investing.

Capitalize on the biggest technological change in history across the infrastructure & app layers of AI.

By @MilkRoad",[],https://milkroad.com/subscribe/?utm_medium=social&utm_source=twitter_organic_ai&utm_campaign=biolink,0,174,107,1983916015877812224,crypto,"research, newsletter, platform",0xGCS,list,platform,2026-02-02 00:00:00
Mirton70567512,zkMurton 🌞,"От хаосът правим форма! /// Also Elite @EigenTribe @eigenlayer
https://t.co/5arU09nSSl",https://farcaster.xyz/murton,https://balkancrypto.substack.com,0,2224,0,1294535873275604999,crypto,blog,kashev,following,person,2026-02-02 00:00:00
misconfig_exe,@misconfig_exe,"Finding patterns that make profits 🏦💰
🧠 Project Advisor | 🏦 Small-Fund PM | Ex Cyber
💥 Partner @WebTrendCo
📈 Exclusive Analysis | Join Free via Link Below",[],https://whop.com/checkout/plan_…,0,2542,0,4814159995,crypto,whop,CryptoNdee,following,person,2026-02-02 00:00:00
mobyagent,Moby,"Follow the smart money • Find winners early and trade with an edge.

Download the mobile app  — https://t.co/ALct5vyNQb",['https://invite.mobyscreener.com/moby'],http://mobywallet.xyz,0,343,1124,1878834956891299841,crypto,"platform, tools, analytics",0xGCS,list,bot,2026-02-02 00:00:00
molly0xFFF,Molly White,"crypto & tech industry researcher & critic at https://t.co/hb1tT2Q3bJ & @web3isgreat • software engineer • wikipedian

support my work: https://t.co/FPG3uvikH0",https://www.citationneeded.news/,https://mollywhite.net/linktree,0,2093,0,545445165,crypto,research,TaikiMaeda2,following,person,2026-02-02 00:00:00
MPtherealmvp,maria paula,shitposting-as-a-service. growth at @aave @lc / formerly co-founder @______jpg______ and @dod_berlin @ethberlin. Opinions my own.,[],https://mariapaula.net,0,3586,0,969283042689863681,crypto,website,CryptoNdee; JustinCBram,following,person,2026-02-02 00:00:00
MrOziPM,mr.ozi,Founder @thepredictlab // Top 0.001% @polymarket trader // $400k profits in 1.5 years from a base of $15k // Focused on geopolitics,[],https://whop.com/predictlab-d5a…,0,225,0,1849919884358021120,crypto,whop,TaikiMaeda2,following,person,2026-02-02 00:00:00
mtmalinen,Tuomas Malinen,"Economist, forecaster, associate professor, CEO, PhD. Expert of financial crises and geopolitics. Newsletter: https://t.co/brrLzzBJqM",[],https://gnseconomics.substack.com,0,4885,0,2433648180,crypto,blog,patfscott,following,person,2026-02-02 00:00:00
naval,Naval,Incompressible,[],https://nav.al,0,0,0,745273,crypto,research,hellios_og; JustinCBram; 0xLeoWolfie; patfscott; PhilippInvest,following,person,2026-02-02 00:00:00
nic_carter,nic carter,https://t.co/mQ5frnwUMV,https://murmurationstwo.substack.com/,https://niccarter.info,0,3562,0,420308365,crypto,website; blog,CryptoNdee; JustinCBram; patfscott,following,person,2026-02-02 00:00:00
nicksdjohnson,nick.eth,"Lead developer of ENS & Ethereum Foundation alum. Certified rat tickler. he/him.

bsky: https://t.co/RdZTUkWNq2
wc: https://t.co/nvP0lHPJqz",https://farcaster.xyz/nick.eth,https://blog.notdot.net,0,892,0,34592834,crypto,blog,kashev,following,person,2026-02-02 00:00:00
NightOwlCapital,Night Owl,"Crypto research, strategy & insights | Helping 45,000+ navigate the digital wild wild west at https://t.co/LHoQe5dQWQ | Ex: PE/IB",https://defieducation.substack.com/,https://defieducation.substack.com,0,414,0,1396902243752873988,crypto,blog,CryptoNdee; patfscott,following,person,2026-02-02 00:00:00
NoahZinsmeister,Noah Zinsmeister,against eating animals and virtue signaling,[],https://noahzinsmeister.com,0,989,0,1017917083827482624,crypto,website,JustinCBram,following,person,2026-02-02 00:00:00
noveleader,Noveleader 🏰,Researcher and Developer | Research @castle_labs | Prev Research @QuillAudits_AI @theBlock__ | Views are own,[],https://noveleader.xyz,0,920,0,1476396509524418560,crypto,website,CryptoNdee,following,person,2026-02-02 00:00:00
OAK_Res_EN,OAK Research,"OAK Research is a crypto market intelligence platform that provides research, analysis and data —  French account : @OAK_Res",[],https://oakresearch.io/en/home,0,154,137,1851026184538136576,crypto,research,Eli5defi,list,platform,2026-02-02 00:00:00
ObadiaAlex,alex,@aria_research,[],https://alexobadia.com,0,7486,0,712705562191011841,crypto,website,CryptoNdee,following,person,2026-02-02 00:00:00
olamidde_,⍥lamide#@! . ♟,"DeFi-ing Somewhere ♟ || Turning onchain data into actionable insights ||
Prev: @WASD_0x @degenexpress69 @PoolsharkLabs @Fluid_protocol
Farmer-in-Chief: @ThePFH_",[],https://dune.com/halix/,0,769,0,1175306184036954112,crypto,research,poorlydrNFT,following,person,2026-02-02 00:00:00
oliverwebr,Oliver Weber,making things go brr @Sensit_tech 🦀,[],https://oliverwebr.com,0,514,0,1110703568,crypto,website,PhilippInvest,following,person,2026-02-02 00:00:00
onchaintimes,On Chain Times,"Crypto reports read by more than 12,000 investors",[],https://onchaintimes.com,0,2,0,1810974404139999232,crypto,research; blog,patfscott,following,person,2026-02-02 00:00:00
OpenSource_Uni,OS.University,A global project that provides learners and professionals with a competence passport on the blockchain. Blog: https://t.co/guc5JcIYri,https://medium.com/the-os-university-blog,https://os.university,0,659,0,3243333688,crypto,interesting,hellios_og,following,platform,2026-02-02 00:00:00
Osint613,Open Source Intel,Monitoring Real-Time News & Open Source Intelligence • Middle East • US • Global Events • Geopolitics • Anything on my mind • Newsletter,[],https://…n-source-media-newsletter.beehiiv.com/subscribe,0,848,0,1212783083272855552,crypto,blog; research,JustinCBram,following,person,2026-02-02 00:00:00
ournetwork__,OurNetwork 🔎,Distributed research for distributed networks — crypto's go-to platform for onchain analytics.,[],https://www.ournetwork.xyz,0,21,835,1072152565113073665,crypto,"research, newsletter, reports",Eli5defi,list,dao,2026-02-02 00:00:00
outputlayer,Outputlayer,Turning onchain data into growth insights | Custom dashboards & analytics | DMs open,[],https://dune.com/outputlayer,0,2209,0,1162011749580705794,crypto,research,CryptoNdee,following,person,2026-02-02 00:00:00
PabloSabbatella,pablito.eth 🦇🔊 ♢,"Web3 Operational Security researcher 🥷
@_SEAL_Org member 🦭
@opsek_io founder 🕵
@SecuritySeries host 🎙️
We train and audit teams so they don't get hacked 🥷",[],https://pablosabbatella.com,0,4004,0,189230702,crypto,website,Silverzebs,following,person,2026-02-02 00:00:00
parisrouz,Paris Rouzati,"quiet plug. vp marketing @aave. prev @ideovc, @slow.",[],https://parisrouzati.com,0,688,0,244721230,crypto,website,0xLeoWolfie,following,person,2026-02-02 00:00:00
patrickc,Patrick Collison,"@Stripe CEO, @ArcInstitute cofounder.",[],https://patrickcollison.com,0,29,0,4939401,crypto,website,patfscott,following,person,2026-02-02 00:00:00
pdotal,Pedro (P.),Head of Ops @daedalus_angels | MSc Economics | 🦞 lobsterdao,[],https://dune.com/p_dot,0,1285,0,1283378359561576449,crypto,research,CryptoNdee,following,person,2026-02-02 00:00:00
permabearXBT,PermabearXBT | TEAM $WOO |,✝️top 100 trader FTX | DM for mentoring | where I trade: https://t.co/hqZTGHcap0 |👇discord,https://blofin.com/en/invite/PermabearXBT,https://whop.com/permabearxbt-s…,0,220,0,1387015274990379010,crypto,whop,CryptoNdee,following,person,2026-02-02 00:00:00
pet3rpan_,Peter / ‘pet3rpan’,"0 → 1 

@1kxnetwork",[],https://pet3rpan.net,0,2356,0,1001171600,crypto,website,CryptoNdee; JustinCBram,following,person,2026-02-02 00:00:00
PhilMrlo,Hix0n blocmates,Chronically online individual ⛓️ Alpha Aggregation / Crypto / DeFi / NFT /⛓️ Cooking daily blocmates Newsletter 👉 https://t.co/xQelIOKmSi,https://blocmates.beehiiv.com/,https://hix0n.substack.com,0,3633,0,925663777542074368,crypto,blog,poorlydrNFT; 0xxbeacon,following,person,2026-02-02 00:00:00
pierre_crypt0,Pierre,@TheHavenCrypto - NFA - just shitposting and sharing some thoughts about markets sometimes https://t.co/edH3I1EL0z,https://www.youtube.com/@pierre_crypt0,https://whop.com/thehaven/?a=pi…,0,498,0,590134700,crypto,whop,NeronCrypto; 0xLeoWolfie; patfscott,following,person,2026-02-02 00:00:00
PinkBrains_io,Pink Brains,#DeFi Creator Studio🧠 Elevating quality projects through authentic representation. Co-founded by @DefiIgnas & @Web3Arthur,[],https://pinkbrains.io/,0,3138,453,1690590578160132096,crypto,research,Eli5defi,list,dao,2026-02-02 00:00:00
poopmandefi,Poopman (💩🧱✨),"🐴 3 coffees no lunch

📕 Check Highlights for all my researches 

👨‍🍳 Prev @IOSGVC, Opinions are my own, PFP by @boldleonidas",[],https://poopmandefi.notion.site/f40bb05525124a…,0,9945,0,1452603543093796871,crypto,notion,itsnickford; 0xxbeacon; 0xLeoWolfie; TheDeFiKenshin; patfscott,following,person,2026-02-02 00:00:00
Prateek0x_,Prateek_0x,"Trenches Warrior, Crypto Degen 2017 batch. I love crypto, AI and rockets. My Trading Journal: https://t.co/NJZaqxmy1l TG: Prateek_0x",https://t.me/MusingMind,https://prateekj.substack.com,0,2476,0,76292849,crypto,blog,0xLeoWolfie,following,person,2026-02-02 00:00:00
profstonge,"Peter St Onge, Ph.D.","Daily Videos on Economics and Freedom. 
Economist @Heritage, former professor, ex-bartender.
Weekly Articles at https://t.co/kD3fDmtXws",https://www.profstonge.com/,https://profstonge.com,0,12814,0,319495411,crypto,blog,patfscott,following,person,2026-02-02 00:00:00
programmer,erik.eth 🛡,"🛠️  Head of Eng @coinbasedev 
Prev head of eng @ourzora
Creator of https://t.co/IPSb3weTdk
Opinions my own.",https://www.x402.org/,https://erikreppel.com,0,1699,0,342380311,crypto,website; interesting,kashev,following,person,2026-02-02 00:00:00
QTRResearch,Quoth the Raven,All personal opinion & snark | Not financial advice | PLEASE read my disclaimer: https://t.co/s7AtYCmH6f,https://quoththeraven.substack.com/about,https://quoththeraven.substack.com,0,1833,0,1469603575,crypto,blog,patfscott,following,person,2026-02-02 00:00:00
r72_fi,r72.fi,"Low-risk crypto investment stats including crypto perpetual funding, and lending rates",[],https://r72.fi/,0,1281,6,1411960328699609089,crypto,"platform, tools, analytics",0xGCS,list,platform,2026-02-02 00:00:00
rafathebuilder,rafa,NPC,[],https://rafael.fyi,0,3020,0,38220375,crypto,website,0xLeoWolfie,following,person,2026-02-02 00:00:00
rajkoshik,koshik.eth,"☕️ @brewitmoney

🔑 PGP: C4B9 729D B4AB 75BD",[],https://koshik.chat,0,4565,0,91826016,crypto,website,kashev,following,person,2026-02-02 00:00:00
redphonecrypto,redphone ☎️,Archivist-poet of acceleration. Helping crypto x AI startups tell their stories at @delphi_labs. Proposed BRC-20. Mbr @pleasrDAO ✨ https://t.co/QVtuTKUeHQ,https://zora.co/@redphone,https://redphone.substack.com,0,7634,0,1257128739886051330,crypto,blog,TaikiMaeda2; kashev; 0xxbeacon; patfscott; PhilippInvest,following,person,2026-02-02 00:00:00
reflexivityres,Reflexivity Research,"Leading crypto native research
Free newsletter: https://t.co/ff5WEigSHh",['http://reflexivityresearch.com/newsletter'],http://reflexivityresearch.com,0,7,428,1556808425190969345,crypto,"research, newsletter, reports",Eli5defi,list,platform,2026-02-02 00:00:00
rektGEMS,rektGEMS,"Low Cap, High Conviction
@_kitchenCap_ 👨🏻‍🍳
Prev. @NAVFinance_

Trade on Hyperliquid: https://t.co/Z83F9c2zKD",[],https://suntzu.substack.com,0,1746,0,1429328665037312002,crypto,blog,TaikiMaeda2; kashev; 0xxbeacon; 0xLeoWolfie; patfscott,following,person,2026-02-02 00:00:00
RiceMaximalist,rice,tg channel: https://t.co/iDvrP0n7Ov AAAAAAAHHHH!!! at https://t.co/A4YOrHBGD7,https://bodl.xyz/,https://rice-daily.com,0,9315,0,1332360417125883907,crypto,blog,TaikiMaeda2; 0xLeoWolfie,following,person,2026-02-02 00:00:00
rich_adul,Adul,Solar之家大使、zetachain中文大使 专注加密货币潜力标的挖掘;信息分析；YouTube万粉博主：https://t.co/uPz6ershNR,https://www.youtube.com/@coveym,https://notion.so/AD-2482cf7a8ea…,0,4751,0,1285040356489416705,crypto,notion,0xLeoWolfie,following,person,2026-02-02 00:00:00
rish_neynar,rish,i don't need caffeine,[],https://rish.org,0,703,0,1344500081718939650,crypto,blog; notion,kashev,following,person,2026-02-02 00:00:00
RNR_0,Romano,Working on @buildonvia •  https://t.co/NpR130JJba • https://t.co/5RpurZ7Mvd | @rainbetcom |  https://t.co/bQOgyIBcOz,https://docs.vianetwork.xyz/,https://romanornr.medium.com,0,581,0,2199605117,crypto,blog,NeronCrypto; 0xLeoWolfie,following,person,2026-02-02 00:00:00
RootDataCrypto,RootData | We're Hiring,"A Web3 asset data platform that pioneers in encapsulating both Onchain & OffChain Data. 
🔗https://t.co/Lq0fs1pys6",['https://www.rootdata.com/download'],https://www.rootdata.com/,0,1317,177,970928919556706304,crypto,"research, analytics, platform",Eli5defi,list,platform,2026-02-02 00:00:00
rphmeier,rphmeier,exploring,[],https://rob.tech,0,693,0,774217808628645891,crypto,website,0xLeoWolfie,following,person,2026-02-02 00:00:00
RubiksWeb3,ℝ𝕦𝕓𝕚𝕜𝕤,"Obsessed with the economic and development structure of every Web3 innovation.

Business: https://t.co/cRTjN4BYkm",https://t.me/RuHub121,https://notion.so/rubiksweb3/786…,0,484,0,1490111929926434825,crypto,notion,0xLeoWolfie; TheDeFiKenshin; patfscott,following,person,2026-02-02 00:00:00
RWA_xyz,RWA.xyz,"Every tokenized real-world asset, in one place.

View the dashboard: 🌐 https://t.co/lkrRJBMVOB 🌐",['http://app.rwa.xyz'],https://www.rwa.xyz/,0,10,658,1557429087911780353,crypto,"platform, tools, analytics",0xGCS,list,platform,2026-02-02 00:00:00
Safaryclub,Safary 🦁,"The ecosystem powering crypto's growth 🦁 
Grow faster with Safary's network, knowledge, & platform",[],https://linktr.ee/safaryclub,0,313,191,1481775252594069505,crypto,"research, analytics, platform",Eli5defi,list,platform,2026-02-02 00:00:00
Sam_Wb3,Sam,"Researching the what, why, and how behind narratives

Certified @Safaryclub",[],https://samweb3.notion.site/Sam-f6c6fff18f…,0,603,0,1574759134918066176,crypto,notion,kashev,following,person,2026-02-02 00:00:00
santimentfeed,Santiment,"📊 Market intelligence platform with on-chain & social metrics for 3,500+ cryptocurrencies. See what others in crypto can't! 😀
🔗 https://t.co/JetPYSRDGV",['https://linktr.ee/santiment'],https://app.santiment.net/pricing?fpr=twitter,0,771,3807,776078472477347840,crypto,"research, analytics, platform",Eli5defi,list,platform,2026-02-02 00:00:00
Sch0fie1d,Schofield,Growth/Partnerships @HiveliveHQ | Writer & Marketing lead @Momentumxglobal,[],https://schofield.work,0,1988,0,1136347466,crypto,website; research,TaikiMaeda2,following,person,2026-02-02 00:00:00
SentoraHQ,Sentora (previously IntoTheBlock),The Institutional DeFi Layer,[],https://www.sentora.com/,0,1820,1155,1095652151903297536,crypto,"research, fund, reports",Eli5defi,list,platform,2026-02-02 00:00:00
senyor_kodama,Kodi,research @Syndica_io,[],https://dune.com/kodi2227,0,1299,0,1047113816193060865,crypto,research,TaikiMaeda2,following,person,2026-02-02 00:00:00
SerenityFund,The Serenity Research,"Stablecoin Research. Alpha & Strategy. 

Weekly Alpha: https://t.co/dH19iPO3ib",https://serenityresearch.substack.com/,https://serenity-research.com,0,738,0,1304387526669393921,crypto,research,TaikiMaeda2,following,firm,2026-02-02 00:00:00
SevenXVentures,SevenX Ventures,"Unearthing, cultivating, and investing in the blockchain frontier through pioneering research with SevenX.",[],http://www.7xvc.com,0,342,311,1332213003559661569,crypto,"research, fund, reports",Eli5defi,list,firm,2026-02-02 00:00:00
SharpeLabs,Sharpe AI,AI-powered Crypto Terminal | Backed by @animocabrands @gbvofficial @Morningstar_vc,[],https://link3.to/sharpe_ai,0,1,379,1485613296023932929,crypto,"platform, tools",0xGCS,list,platform,2026-02-02 00:00:00
sheeki03,Sheeki,yield farming | research @impossiblefi | ex @Lemniscap @Nethermind,[],https://bit.ly/sheeki-notion,0,276,0,581033253,crypto,notion,0xLeoWolfie,following,person,2026-02-02 00:00:00
simonw,Simon Willison,"Creator @datasetteproj, co-creator Django. PSF board. Hangs out with @natbat. He/Him. Mastodon: https://t.co/t0MrmnJW0K Bsky: https://t.co/OnWIyhX4CH",https://fedi.simonwillison.net/@simon,https://simonwillison.net,0,5599,0,12497,crypto,research,CryptoNdee,following,person,2026-02-02 00:00:00
solus_partners,DARC by Solus Group,"Degen Associates Research Club

Made by @solus_group execs @Jeytery1 @Ayde_Sol_Jedi @Kilenktor_Maks and Degen Associates (closed VC community with 180+ VCs)",[],https://solus.partners/,0,61,5,1892231055060668416,crypto,research,Eli5defi,list,dao,2026-02-02 00:00:00
SorsaApp,Sorsa,"Tweetscout is now Sorsa

Crypto social analytics made simple. Powered by data, not hopium. We spot gems before they moon - and scams before they rug",[],https://sorsa.io/,0,180,23,1934538036466810880,crypto,"platform, tools, analytics",0xGCS,list,platform,2026-02-02 00:00:00
stable_fish,Stable.Fish - Best Stablecoin Pools,"Find the best stablecoin farming pools✨
-The largest number of $1M+ stablecoin pools
-Actual investment performance
-APY over the same period",[],https://stable.fish,0,102,60,1462653798849990658,crypto,"platform, tools, analytics",0xGCS,list,platform,2026-02-02 00:00:00
stacy_muur,Stacy Muur,"In Web3 since 2016. Ex CMO, (too) passionate about research & data. Founder @GREEND0TS. Telegram channel: https://t.co/d5Ioy4qbi8",https://t.me/muur_posts,https://stacymuur.substack.com,0,1971,0,1562768344725344256,crypto,blog,kashev; 0xxbeacon; 0xLeoWolfie; TheDeFiKenshin; patfscott,following,person,2026-02-02 00:00:00
StatefulWorks,Stateful Works,"Ethereum cultural artifacts! 

Delivery at Dawn | a 4844 film | https://t.co/js12t6JZUU
Dencun Diaries → https://t.co/kNIkW4xdDn",[],https://stateful.mirror.xyz/subscribe,0,166,0,1321122997630107648,crypto,blog,CryptoNdee; JustinCBram,following,person,2026-02-02 00:00:00
Stoiiic,Stoic,"autistic sufferer. flow enjoyer
mech. e. iron lifter

Advisor @VestExchange
Building @ConvergeMarkets

@Trade_Aptitude
https://t.co/efeTExguTq",https://www.youtube.com/@TheStoicCapital,https://stoicsmusing.substack.com,0,609,0,1507999314148302858,crypto,"blog, education",hellios_og; 0xxbeacon; patfscott,following,person,2026-02-02 00:00:00
SurfAI,Surf,"The crypto AI platform replacing your existing workflows & enabling entirely new ones.

Powered by @BuildOnCyber. Backed by @PanteraCapital, @cbventures, @DCGco",[],http://asksurf.ai,0,93,281,1916868318671052800,crypto,"platform, tools",0xGCS,list,platform,2026-02-02 00:00:00
SyncracyCapital,Syncracy Capital,"A thesis-driven hedge fund making high conviction, concentrated investments in the secular winners of the cryptoeconomy",[],https://syncracy.io,0,6,175,1364712972275359744,crypto,"research, fund, reports",Eli5defi,list,firm,2026-02-02 00:00:00
TaikiMaeda2,Taiki Maeda,"""The Humble Farmer” 🧑‍🌾 | Founder @HFAresearch 🐸 | Lad @0xSteadyLads 🌊 | Host @CryptoMarketWiz 🎙️ No ads/sponsors 🫡",[],http://youtube.com/@thehumblefarmer,0,928,2577,1064421325186359296,crypto,"research, kol",Eli5defi,list,person,2026-02-02 00:00:00
Tanaka_L2,Tanaka,"Strategic Advisory | KOL Manager (500+ KOLs) | DeFi Creator

Amb: @SeiNetwork | @Mantle_Official | @ton_blockchain

Founder: @Kollab3dotcom

TG: https://t.co/xxYJcga00r",https://t.me/Tanaka_L2,https://kollab3.substack.com,0,3025,0,1456891312230506496,crypto,blog,TheDeFiKenshin,following,person,2026-02-02 00:00:00
tatianatirzah,T Insight,"The market always whispers before it speaks. 
Called the 2021 top & 2022 bottom.  
Market Analyst at Bike4Sail Discord.
NFA",[],https://whop.com/discover/bike4…,0,12,0,1435747925796089858,crypto,whop,hellios_og,following,person,2026-02-02 00:00:00
TeachingCrypto,Nite⚡,✝️ | TA | FA  | Algorithmic Trader | Building @Ez_Algo | Free Signals  ➡️ https://t.co/ljbw2UPrMw,https://t.me/Cryptonite_Alerts,https://whop.com/ez-algo/,0,2362,0,891170454614003713,crypto,whop,itsnickford,following,person,2026-02-02 00:00:00
temporal_xyz,Temporal,"A crypto-native research & development firm. Pushing the boundaries of what's possible.

Always Hiring - DMs open",[],https://temporal.xyz,0,95,0,1809400036033466368,crypto,research,0xLeoWolfie,following,firm,2026-02-02 00:00:00
ThanefieldRes,Thanefield Research,"@ThanefieldCap

Venture & Market Research

TG: https://t.co/q6cmmpf4zG",https://t.me/thanefieldresearch,https://thanefield.capital,0,2,1119,1611429930272968705,crypto,research,TaikiMaeda2,following,platform,2026-02-02 00:00:00
the_defi_report,The DeFi Report,"Industry-leading research, market insights, and onchain data. 👉 https://t.co/CYcMZXUiNP",['https://thedefireport.io/'],,0,4,66,1721212936830476288,crypto,"research, newsletter",Eli5defi,list,platform,2026-02-02 00:00:00
theadvisorbtc,The Advisor.btc 🟧,"Your #1 Creator on Bitcoin L2s and BTCFi 
| Stacks Ecosystem Marketer 
| @safaryclub Member | @lombard_finance Ambassador 
| Tweets NFA",[],https://theadvisorbtc.notion.site/aboutme,0,602,0,1431010278293049345,crypto,notion,patfscott,following,person,2026-02-02 00:00:00
thebigmehtaphor,Viraj Mehta,cofounder and cto @tensorzero. previously did a PhD at CMU doing sample efficient reinforcement learning for tokamaks and math and cs @stanford before that,[],https://virajm.com,0,501,0,501399140,crypto,website,JustinCBram,following,person,2026-02-02 00:00:00
TheBitResearch,TheBit Research,Unlocking crypto's potential through rigorous fundamental research and targeted advisory services. Make informed choices. #DeFi,[],https://thebitresearch.com,0,674,0,1579435297372250112,crypto,research,TaikiMaeda2,following,platform,2026-02-02 00:00:00
TheDeFinvestor,The DeFi Investor 🔎,Crypto Analyst. Sharing DeFi updates and crypto strategies. Subscribe to my blog to stay on top of trends: https://t.co/qrKYXe3Uxo,https://www.thedefinvestor.com/,https://thedefinvestor.com,0,2501,4345,1395365515779055616,crypto,blog,hellios_og; 0xxbeacon; TheDeFiKenshin; patfscott; PhilippInvest,following,person,2026-02-02 00:00:00
TheFarrow,darrow.eth,"CEO, Engineer, ENS Delegator, Accredited Investor, Vision 2.0 Ambassador, Stock, NFT & Crypto Enthusiast! Show me the 💰 keep the FUD moving.✌",[],https://darrow.eth.xyz,0,4385,0,80755095,crypto,website,kashev,following,person,2026-02-02 00:00:00
TheGorillaLabs,Gorilla Labs,"An NFT-focused community for traders & collectors

Powered by tools, alerts & trusted callers

Founded by @CryptoGorillaYT ⤵️",[],https://whop.com/gorilla-labs,0,1,0,1511142801769177097,crypto,whop,0xxbeacon,following,person,2026-02-02 00:00:00
thelatestindefi,The Latest in Defi Research,A DeFi research fellowship program and conference for everyone,[],http://www.thelatestindefi.org,0,46,40,1671366771046006784,crypto,research,Eli5defi,list,dao,2026-02-02 00:00:00
therollupco,The Rollup,"Face-to-face with the leaders of neo finance. Hosted by @andyyy & @Robbie_rollup. Available on YouTube, Spotify, & Apple.",[],http://therollup.co,0,4102,650,1172866088222244866,crypto,"research, podcast, education",Eli5defi,list,podcast,2026-02-02 00:00:00
theRWAguy,theRWAguy,Moving Markets & Payment Rails Onchain | Founder of Tokenization Insight | Follow to learn & DM to partner | Content @OndoFinance,[],https://tokenizationinsight.com/weeklyresearch,0,1818,0,1288430656482086912,crypto,research,JustinCBram; 0xxbeacon,following,person,2026-02-02 00:00:00
theyisun,Yi Sun ⨇,@axiom_xyz,[],https://yisun.io,0,269,0,804910728050339841,crypto,website; research,CryptoNdee,following,person,2026-02-02 00:00:00
tiger_research,Tiger Research,Tiger Research is a leading Web3 market research and consulting firm specializing in the Asian market.,[],https://tiger-research.link/reports,0,91,97,1627510481496969219,crypto,"research, blog",Eli5defi,list,platform,2026-02-02 00:00:00
timjrobinson,Tim Robinson,"Head of Crypto Research @BlueYard. Building @TowerStormGame. Ex Dev @Balancer, @Aws. Write at https://t.co/cCSkIFnxF8 Tweets and Thoughts are my own",https://paragraph.com/@timjrobinson-2,https://timjrobinson.com,0,2441,0,15352202,crypto,website; blog,TaikiMaeda2; JustinCBram; patfscott,following,person,2026-02-02 00:00:00
TKR_Trading,TKResearch Trading,"Market updates, analysis, trading signals. From data to actionable insights. Join us: https://t.co/eGTaJwsQef. For business proposal, DM: http:// https://t.co/tVrJcpYFDB.","['http://t.me/+FC46WN27lfplNGE1', 'http://t.me/tk_media']",https://tk-research.beehiiv.com/,0,299,162,1630164299304804352,crypto,"research, newsletter",Eli5defi,list,platform,2026-02-02 00:00:00
Tokenomist_ai,Tokenomist,"The trusted source for tokenomics intelligence.
🔎 https://t.co/dNisBb2xx6 | 📊 https://t.co/LPfOqAjkb1 
💬 https://t.co/yH8tET5ArF",https://insights.unlocks.app/,https://tokenomist.ai,0,212,953,1543848144932597760,crypto,research,0xLeoWolfie; patfscott,following,platform,2026-02-02 00:00:00
tokenterminal,Token Terminal 📊,Fundamentals for crypto. Available also on the Bloomberg Terminal App Portal at APPS TOKEN GO.,[],https://tokenterminal.com,0,1485,2525,1204315977720221696,crypto,"research, analytics, platform",Eli5defi,list,platform,2026-02-02 00:00:00
tomhschmidt,Tom Schmidt ＞|＜,"Investing @dragonfly_xyz. Previously product @0xproject, ads product @facebook and @instagram. Vos debes periculum pro buccellatum.",[],https://tomhschmidt.com,0,3638,0,239090734,crypto,website,itsnickford; JustinCBram,following,person,2026-02-02 00:00:00
tomwanhh,Tom Wan,head of data @entropyadvisors | prev. @21shares views are my own & NFA,[],https://dune.com/entropy_adviso…,0,2001,645,1448644422380310537,crypto,research,0xxbeacon; patfscott; PhilippInvest,following,person,2026-02-02 00:00:00
TraderDraco,Dal,Shooter for @WealthGroup / @w00dsbot.,[],https://whop.com/wealthgroup/?a…,0,229,0,3681463521,crypto,whop,Flipping_Crypto,following,person,2026-02-02 00:00:00
Tradermayne,Mayne,@breakoutprop acquired by @krakenfx,[],https://whop.com/thehaven/?a=tr…,0,3042,0,2446024556,crypto,whop,TaikiMaeda2; kashev; JustinCBram; patfscott,following,person,2026-02-02 00:00:00
useDroyd,Droyd,"autonomous agent trading

follow | trade | climb the leaderboard 

@Solana",[],http://droyd.ai,0,1,34,1833681014507356160,crypto,research,Eli5defi,list,bot,2026-02-02 00:00:00
valuepick,Valuepick,"An investor in stocks for 30 years.Views are personal,not a SEBI registered R.A.Please consult a SEBI regd.analyst/advisor before investing .No paid service.",[],https://value-picks.blogspot.com,0,31,0,158173116,crypto,blog; research,0xLeoWolfie,following,person,2026-02-02 00:00:00
vaultsfyi,vaults.fyi,"Turn your app into a DeFi app. Build w/ 💫 https://t.co/Y6FprqncT9 💫

Manage your positions across 75+ DeFi protocols (no fees) 💰 https://t.co/WfI2VDXrjB 💰","['http://vaults.fyi/api', 'http://app.vaults.fyi']",https://app.vaults.fyi/,0,74,86,1681223292835840000,crypto,"platform, tools, analytics",0xGCS,list,platform,2026-02-02 00:00:00
vegsurfer,veg.eth,"veg(an)surfer. hair, makeup and molotov mixing for @pussyrrriot",[],https://johnfcaldwell.com,0,2932,0,1013873321627119616,crypto,website,0xxbeacon,following,person,2026-02-02 00:00:00
VENTURE_DAO,METACARTEL VENTURES,"the dopest community driven investment DAO to ever exist. If you want to go fast, go alone. If you want to go far, go together.",[],https://metacartel.xyz,0,138,0,1173811537389092864,crypto,research,CryptoNdee,following,dao,2026-02-02 00:00:00
VestLabs,Vest Labs,A quantitative crypto research firm.,[],https://vest.xyz,0,2,0,1517539043663261697,crypto,research,0xLeoWolfie,following,firm,2026-02-02 00:00:00
vikaaaaaaaaas,Vikas Nair,"co-founder and product @openlayerco, prototyped futuristic ai-powered experiences @apple, @nyuniversity kid at heart",[],https://vikasnair.com,0,474,0,1277381928442683392,crypto,website,itsnickford,following,person,2026-02-02 00:00:00
VincentB755,V,Founder of https://t.co/6AEn8Fd44T |,https://themacroinsider.substack.com/,https://themacroinsider.substack.com,0,210,0,1405458586646495234,crypto,blog,NeronCrypto,following,person,2026-02-02 00:00:00
web3melon,watermelon,"artist & wandering bozo;

@playgigaverse content creator",[],https://web3melon.notion.site/portfolio,0,2315,0,1500647609652101122,crypto,notion,0xxbeacon,following,person,2026-02-02 00:00:00
wenserapp,WENSER - Airdrop Checker,"WENSER - Airdrop Checker | zkSync, Linea, Base, Scroll, Zora, Taiko, Metamask, Jumper and more.

https://t.co/ZvLTrIMLpt",['http://discord.gg/8mRqmRqYfC'],http://wenser.xyz,0,94,70,1687500091655921664,crypto,"platform, tools",0xGCS,list,platform,2026-02-02 00:00:00
WHInspector,White Hat Inspector,"#OSINT, Geolocation, Cyber Security | #DailyOSINT | Support: https://t.co/bk2qdJDuxd | TraceLabs CTF Black Badge | https://t.co/i6jwJugpSj",https://github.com/WhiteHatInspector,https://whitehatinspector.blogspot.com,0,193,0,1346916465174319108,crypto,blog,CryptoNdee,following,person,2026-02-02 00:00:00
WinterSoldierxz,Winter Soldier ❄️🙋🏻‍♂️,"🦾 On-chain researcher with a S̶o̶v̶i̶e̶t̶ Wakanda metal arm
Golden Degen’s bodyguard",[],https://linktr.ee/0xwintersoldier,0,1754,0,1579322612466884608,crypto,research,TaikiMaeda2; kashev; 0xxbeacon; patfscott,following,person,2026-02-02 00:00:00
xo2corporation,xo2.com,"learn what is going to outperform before it outperforms.

founded in 1873, xo2 is the world's largest moderately evil corporation

https://t.co/m2AljDaxQ6",['http://discord.gg/FRjwfMTktw'],http://www.xo2.com,0,6,15,1554636508640026624,crypto,"platform, tools, analytics",0xGCS,list,platform,2026-02-02 00:00:00
xxlmaj0r,The 𝕾𝖆𝖎𝖓𝖙,web3 • gambler • dev arc,[],https://my-portfolio-three-rho-75.vercel.app,0,1487,0,1217552162395426818,crypto,website,TheDeFiKenshin,following,person,2026-02-02 00:00:00
yurukov,Boyan Yurukov,"Bulgarian, data nerd, transparency & open data advocate, fintech dev and a proud daddy. Opinions are my own. https://t.co/NWrDasJtB6",https://mastodon.green/@yurukov,https://yurukov.net/blog,0,997,0,17178882,crypto,blog,hellios_og,following,person,2026-02-02 00:00:00
zaplist_,Zaplist ⚡ DeFi,Your access point to the decentralized financial stack | Tools & resources for all things crypto  👇,[],https://zaplist.xyz/,0,1383,6,1505570903807213573,crypto,"platform, tools",0xGCS,list,platform,2026-02-02 00:00:00
Zeneca,Zeneca.xyz 🔮,Building the most valuable Newsletter in crypto (https://t.co/UXw0BYZ3rg) | Founder: @ZenAcademy @The333Club | Business Enquiries: @R3ACHNTWRK,https://www.zeneca.xyz/,https://docs.google.com/spreadsheets/d…,0,13017,0,1370479673818427403,crypto,research,kashev; 0xxbeacon; patfscott,following,person,2026-02-02 00:00:00
ZenZen_ZL,Zenzen,Design @moveindustries,[],https://zhen.lu,0,150,0,1771222427944775681,crypto,website,0xxbeacon,following,person,2026-02-02 00:00:00
zerokn0wledge_,zerokn0wledge.hl 🪬✨,terminally online + onchain | co-founder @a1research__ and @steak_studio | head of digital assets at Aurum Advice | vibe coding DeAI maxi + hyperliquid ultra,[],https://linktr.ee/zerokn0wledge,0,1205,0,1342923842675740672,crypto,research,itsnickford; 0xxbeacon; 0xLeoWolfie; TheDeFiKenshin,following,person,2026-02-02 00:00:00
zGuz,Zack Guzmán,Founder & Host @Coinage_media building onchain media @Trustless_media | Past: @YahooFinance @CNBC & @Harvard | $PLYBTN ▶️,[],https://linktr.ee/zguz,0,5186,572,292565344,crypto,research,Eli5defi,list,person,2026-02-02 00:00:00
zmanian,zmanian,@iqlusioninc. @sommfinance. interoperable blockchains with @cosmos. smart contract for all with @agoric he/him. shape rotato,[],https://zaki.manian.org,0,18292,0,7910872,crypto,website,itsnickford; 0xxbeacon,following,person,2026-02-02 00:00:00
ZssVAl,Voiced.🐻⛓️,"Researching| Content Enthusiast 
 I love Nfts| Data anaylst",[],https://linktr.ee/zssval,0,3501,0,1066467699465879552,crypto,research,0xxbeacon,following,person,2026-02-02 00:00:00