screen_name,name,description,description_urls,expanded_url,followers_count,following_count,listed_count,id,category,tag,date_added
100baggerhunt,Kevin,📕 Use AI to find small quality multibaggers https://t.co/08usenDrhe,['http://www.investwithgpt.ai'],http://www.100baggerhunting.com,12991,554,191,1587162350662066176,investing,blog,2/2/26 0:00
abcampbell,Campbell,macro stoic,[],https://www.campbellramble.ai,89900,2056,1613,362893876,investing,"blog, metals",2/2/26 0:00
ACInvestorBlog,Antonio Costa,I'm a 51 year old private trader using proprietary technical analysis w/+20yrs experience of investing in stock markets. Do your own research. Tweets not advice,[],https://stocktwits.com/ACInvestorBlog,211816,547,3275,55561590,investing,blog,2/2/26 0:00
adam_tooze,Adam Tooze,"Hist/Econ/Theory
C******* University. Born UK, raised FRG. 
Publisher @surplusmagazin  
@OnesandToozePod
Chartbook substack newsletter",[],https://adamtooze.substack.com/,225364,8166,4056,3311286493,investing,blog,2/2/26 0:00
AllJimRogers,Jim Rogers,"Breaking news about Jim Rogers (Investor), curated by @quiboatnews.",[],http://www.jimrogers.com/,69233,8951,1546,86582499,investing,"blog, author",2/2/26 0:00
AlmanacTrader,Jeffrey A. Hirsch,"CEO Hirsch Holdings, Publisher Almanac Trader, Editor Stock Trader’s Almanac | “Those who understand market history are bound to profit from it!”",[],http://www.stocktradersalmanac.com,45576,1178,1219,55308734,investing,author,2/2/26 0:00
amitisinvesting,amit,"breaking down tech, business, & stocks $PLTR",[],https://youtube.com/@amitinvesting?si=WUvuxDKnPtkCvtjB,315192,810,3337,1468103131737247748,investing,youtube,2/2/26 0:00
andrewrsorkin,Andrew Ross Sorkin,"@NYTimes Columnist/Editor & @SquawkCNBC Co-Anchor. Author, “1929” + “Too Big To Fail”. Founder, @DealBook. CoCreator, BILLIONS @Showtime. Proud Dad.",[],https://sites.prh.com/1929,982961,3667,8505,33792634,investing,author,2/2/26 0:00
Ashton_1nvests,Ashton Invests,"Studying fundamentals of stocks and investment strategy, $SOFI Bull📈|Not Financial Advice|",['https://ashtons-newsletter-investing.beehiiv.com/'],https://ashtons-newsletter-investing.beehiiv.com/,29840,764,383,1213202268717080576,investing,newsletter,2/2/26 0:00
balajis,Balaji,Author of the Network State. Founder of the Network School.,[],https://ns.com,1273821,3913,18985,2178012643,investing,author,2/2/26 0:00
Brad_Setser,Brad Setser,CFR senior fellow.  Views are my own. Retweets are not endorsements.  Writes on sovereign debt and capital flows.,[],,144382,1026,3493,733647469305864195,investing,kol,2/2/26 0:00
BurggrabenH,Alexander Stahel 🌻,Investor; you are here for energy & metal commodities mostly; be aware of imposters (I won’t ask for your business),[],https://www.thecommoditycompass.com/,115634,5601,2452,2870974910,investing,"blog, energy, metals",2/2/26 0:00
CalebFranzen,Caleb Franzen,Analyst.,[],https://cubicanalytics.substack.com/subscribe,61516,743,1334,1277423417365377025,investing,blog,2/2/26 0:00
chamath,Chamath Palihapitiya,God is in the details.,[],http://chamath.substack.com,1946474,1080,16981,3291691,investing,"kol, blog",2/2/26 0:00
CheddarFlow,Cheddar Flow,Covering unusual options flow. Free course: https://t.co/hY4cg1xx1N | Discord https://t.co/gPt8wpbaUg | Youtube: https://t.co/UXRDXJ3Bl0,"['http://cheddarflow.co/academy', 'http://cheddarflow.co/discord', 'http://youtube.com/@cheddarflow']",http://cheddarflow.co/x,326866,97,4360,1004137473679679488,investing,"youtube, discord",2/2/26 0:00
chigrl,Tracy Shuchart (𝒞𝒽𝒾 ),"Senior Economist at NinjaTrader Live/NinjaTrader Group LLC.
CEO/Founder Hilltower Resource Advisors LLC. @HilltowerRA  
Host @MicDropMarkets",[],http://RenegadeResources.pro,345288,966,6632,20253024,investing,"blog, energy, metals",2/2/26 0:00
CliffordAsness,Clifford Asness,https://t.co/SqAanFKORB. https://t.co/NbcMFHWbR4. Chaotic good.,"['https://papers.ssrn.com/sol3/cf_dev/AbsByAuth.cfm?per_id=77768', 'https://www.aqr.com/Insights/Perspectives']",http://www.aqr.com/cliffs-perspective,164419,1342,2514,809823507005710336,investing,blog,2/2/26 0:00
colin_gladman,Colin,"Nothing I tweet is financial advice. I don’t make buy or sell recommendations. Just posting my TA. I will be wrong sometimes, but I’ll be right more.",[],https://www.youtube.com/c/colingladman,70826,238,390,4276969040,investing,youtube,2/2/26 0:00
DataDInvesting,Chris Hoeger,"Father of 5, husband, engineer, and first principles thinker.

All tweets are my own and not financial advice.",[],https://www.datadinvesting.com/,55434,648,1001,1527430369183531008,investing,blog,2/2/26 0:00
derekquick1,Derek Quick,Stock Trader for 18 years finding 10-100 baggers |🎖@USCG Veteran | Technical & Financial Analyst. Not Financial Advice. My stock research Patreon:derekquick,[],https://www.patreon.com/derekquick,26727,12,443,2337121453,investing,whop,2/2/26 0:00
DGretta_Author,Dave Data Guy | author of 2 stock investing books,"Author 📚 | Stock investor + financial education advocate | rocket scientist | MBA: Finance | IT, BI, AI + SQL database professional | opinions not advice",[],https://tinyurl.com/acrossthestreetbook,19704,568,236,1404055022233702403,investing,author,2/2/26 0:00
dlacalle_IA,Daniel Lacalle,"PhD #Economist #Author. Chief Economist, Tressis. #Professor @IEbusiness #Advisor @frdelpino. YouTube: https://t.co/sjWtBdfIT7",['https://www.youtube.com/c/DanielLacalleInEnglish'],http://dlacalle.com/en,168940,12575,3377,799250105572491264,investing,blog,2/2/26 0:00
drowsyinvestor,Drowsy Investor (Shooting the Bull Pod),"Sleepless investor | All things $AXON and other leaders | ""Shooting the Bull with Drowsy and Bear"" Pod on Spotify, Apple Podcast, and Amazon Music",[],https://open.spotify.com/show/5qH1zzezA4EnHHGibgzJlb?si=XkN43t9ZRUuAD8Mh2RMvzg,7941,608,188,1350506884479012870,investing,podcast,2/2/26 0:00
EddyElfenbein,Eddy Elfenbein,Portfolio Manager,[],https://www.crossingwallstreet.com/,83478,1760,2224,41516710,investing,blog,2/2/26 0:00
EdwardOThorp,Edward O. Thorp,"Math professor, inventor, best-selling author, hedge-fund manager, gambler.",[],http://www.EdwardOThorp.com,21607,2,297,806664930564796418,investing,author,2/2/26 0:00
fintwit,Fintwit,all things finance,[],,181737,1060,1687,932271127648489473,investing,kol,2/2/26 0:00
fundstrat,Thomas (Tom) Lee (not drummer) FSInsight.com,CIO Fundstrat Capital @FundstratCap $GRNY ETF | Head of Research @fs_insight | @CNBC Contributor | Chairman of @BitMNR $BMNR Bitmine | Wikipedia: https://t.co/8QsXKpzGT7,['http://bit.ly/3JkWhtw'],https://fsinsight.com/tlee-services/,583805,857,6938,2648357839,investing,"research, newsletter, picks",2/2/26 0:00
Geo_papic,Marko Papic,"BCA Research. Geomacro strategist. Author of Geopolitical Alpha. Podcast host of ""Geopolitical Cousins."" Views on Twitter are my own.",[],http://www.geopoliticalalpha.com,60653,140,1802,1502354421421785088,investing,"macro, author",2/2/26 0:00
gloomboomdoom,Marc Faber,,[],https://www.gloomboomdoom.com,33356,54,564,27226503,investing,"research, platform, newsletter, picks",2/2/26 0:00
GSpier,Guy Spier 🎗️🇮🇱 🇺🇦 🍉 🇬🇧,"Father, Husband, Investor, Author & Optimist. My now: https://t.co/OD8KxFzlRB #FreeTheHostages #slavaukraini #IStandWithIsrael #RejoinEU Investor in Care Rating",['http://go.aqu.am/now'],https://linktr.ee/gspier12,69279,2134,992,15889747,investing,"website, newsletter, author, youtube",2/2/26 0:00
HindenburgRes,Hindenburg Research,"Popped bubbles as we saw them, including our own. We expressed strong opinions. Not investment advice.",[],https://hindenburgresearch.com,867326,0,4401,892072054148796416,investing,newsletter,2/2/26 0:00
iancassel,Ian Cassel,Finding great companies early @MicroCapClub // Bringing investors and companies together @PlanetMicroCap // CIO @IntelligentCM,[],https://MicroCapClub.com,283077,655,4148,37918984,investing,newsletter,2/2/26 0:00
invest091,Michael | Stock Spotlight 🎙️,I screen stocks using a quality checklist + share the best visuals and frameworks from my investing research. Host of the Stock Spotlight Podcast ↓,[],https://linktr.ee/stockspotlight,2552,801,29,1653564935782400000,investing,"research, podcast, youtube",2/2/26 0:00
IrrationalMrkts,Kyle Grieve,Host of We Study Billionaires podcast | Empowering retail investors to compound wealth with stocks | '20-'24: 13% Compound Annual Gain,[],https://www.theinvestorspodcast.com/we-study-billionaires/,30431,394,622,1254855041493528576,investing,podcast,2/2/26 0:00
jasonzweigwsj,Jason Zweig,"Investing columnist for @WSJ. Editor, Benjamin Graham's *The Intelligent Investor.* Author, *Your Money and Your Brain* and *The Devil's Financial Dictionary.*",[],http://www.jasonzweig.com,234466,2416,4238,89043072,investing,"author, blog, kol",2/2/26 0:00
JayWoods3,Jay Woods,"Chief Market Strategist @ Freedom Cap Mkts, NYSE Executive Floor Gov, CMT, CNBC Contributor, @SJPrep, @FordhamNYC Professor & $GS alum, #FlyEaglesFly",[],http://jaywoods.substack.com,19218,583,244,42154404,investing,blog,2/2/26 0:00
JeffSnider_EDU,Jeffrey P. Snider,Host Eurodollar University channel. Monetary science reborn. Putting central banks where they belong.,['https://www.eurodollar.university/'],https://linktr.ee/eurodollaruniversity,135696,913,3385,2511153668,investing,"podcast, youtube",2/2/26 0:00
joecarlsonshow,Joseph Carlson,"Founder of @qualtrim and host of The Joseph Carlson Show • 700,000 subscribers on YouTube • Click the link below and subscribe.",[],https://open.spotify.com/show/08uB7ZId488wu15zhieDLM?si=1fc9e0bdab0f4783,101250,273,1020,1106005810155380736,investing,podcast,2/2/26 0:00
josephwang,Joseph Wang,"Subscribe at https://t.co/VGtUvtX2QK for latest thoughts and analysis. 

YouTube:  https://t.co/wTjbN1iNQ8","['http://Fedguy.com', 'http://youtube.com/@Fedguy12']",http://fedguy.com,201761,611,4855,718702333,investing,"newsletter, youtube",2/2/26 0:00
jpicerno,James Picerno,"Editor, US Business Cycle Risk Report, https://t.co/qclMswULhy, author (Quantitative Investment Portfolio Analytics In R), dir of analytics:The Milwaukee Co",['http://CapitalSpectator.com'],http://capitalspectator.com,4003,1308,213,48985152,investing,blog,2/2/26 0:00
jukan05,Jukan,Analyst @Citrini7 | Korean | Not investment advice,[],https://www.citriniresearch.com/,64287,229,1274,1836240683268759552,investing,"blog, macro",2/2/26 0:00
KennyPolcari,Kenny Polcari,Chief Market Strategist at Slatestone Wealth.  @FoxBusiness. @HeadstrongProj. https://t.co/fqO7rr4Ehp Tweets are my own/not reflective of employer.,['https://linktr.ee/KennyPolcari'],http://kennypolcari.substack.com,25256,754,381,300929831,investing,"youtube, blog",2/2/26 0:00
KirkSpano,Kirk Spano,Making money & mistakes since 1995. “Follow the money” only advice. Find my growth #StocksToBuy at https://t.co/GfRiDZfh8T & watch free at👇,['https://kirksgrowthstocks.substack.com/'],https://youtube.com/@kirkspanoinvesting?si=pf6qXLEAbTPVt0Vf,8365,312,250,407493118,investing,"youtube, blog",2/2/26 0:00
Kross_Roads,Crossroads,"Investment enthusiast and future PhD. Driven by faith, family, and the conviction that the best is yet to come. YouTube https://t.co/9XwcBEvrsj",['https://www.youtube.com/@Kross_Roads-g4j'],,30698,403,0,865651271193116673,investing,youtube,2/2/26 0:00
LarryDHite,Larry Hite,Investment Expert. Entrepreneur. Author of #TheRule: How I Beat the Odds in the Markets and in Life―and How You Can Too https://t.co/15yJgpGYnu,['http://amzn.to/2LRdzSQ'],https://www.lawrencehite.com,6086,2,73,1149380702493970432,investing,author,2/2/26 0:00
leadlagreport,"Michael A. Gayed, CFA","Portfolio Manager of The Free Markets ETF ( $FMKT ), The ATAC Credit Rotation ETF ( $JOJO ), & The ATAC Rotation Fund ( $ATACX )",[],http://www.leadlagreport.com,763526,13768,4149,227755413,investing,blog,2/2/26 0:00
LogicalThesis,Logical Thesis,"Swing Trader | Small Caps | Data Scientist | Not financial advice | Join my community📈 fundamentals, technicals, and portfolio management👇🏼",[],http://whop.com/logicalthesis,38347,330,1057,3236384046,investing,whop,2/2/26 0:00
long_equity,Long Equity,Concentrated Global Quality Growth | Pricing Power | FCF Growth + Barriers to Entry | Linearity | Book: https://t.co/MEzmc2pDnx,['https://www.amazon.com/dp/B0G4JKQ7G4'],http://longeq.com,71859,484,994,1478425805944500228,investing,author,2/2/26 0:00
LukeGromen,Luke Gromen,"Founder & President, Forest for the Trees (FFTT).  Author of ""The Mr. X Interviews, Volumes I & II.”  I never solicit via DM's.  RT not endorsements.",[],http://FFTT-LLC.com,386888,2387,6989,2936015319,investing,"research, newsletter",2/2/26 0:00
LynAldenContact,Lyn Alden,Founder of Lyn Alden Investment Strategy. Blended finance and engineering background. Author of Broken Money. GP @egodeathcapital. BoD at Bakkt and @Swan.,[],https://www.lynalden.com/,825300,944,15500,823766058909761536,investing,"research, newsletter",2/2/26 0:00
majgeoinvesting,Maj Soueidan,"Full-Time Microcap Investor, 30+ yrs | Tennis, Blues Guitar, Football | @GeoInvesting, @MSmicrocaps, @InfoArbMonitor | Quality Matters",[],https://geoinvesting.com/terms-conditions/,17634,1535,460,3298350420,investing,newsletter,2/2/26 0:00
MarkosAAIG,Markos,"Strategic thinker with fast business insight. Tech & AI focused. Strong in structural shifts, scaling business units, and execution. Founder - AAIG.",[],http://discord.gg/8c5b4TQrU5,6419,113,101,1679886803967287298,investing,discord,2/2/26 0:00
MartinShkreli,Martin Shkreli,"https://t.co/vJE5wyFDrX
https://t.co/GUy99qMi2O - join our Discord!
e/acc","['https://godelterminal.com', 'https://linktr.ee/mshkreli']",,416495,8714,2428,312653402,investing,"kol, youtube",2/2/26 0:00
MebFaber,Meb Faber,"Founder:@cambriafunds,@theideafarm 
Pod: https://t.co/CvHIZ680Bm
Free books: https://t.co/gm0ghO9Nji 
Youtube: https://t.co/linHiucSyE

Email: mf@cambriainvestments","['http://apple.co/3ZQ33ht', 'http://bit.ly/3D6GA5X', 'https://bit.ly/4pLVWm']",http://www.mebfaber.com,137287,2556,3419,19997064,investing,"author, youtube, podcast",2/2/26 0:00
michaelsikand,Michael Sikand,70% Porting $KRKNF || Also $SATS $TMC $BE | Building the #1 stock research YT channel || Prev exit to @MorningBrew || Forbes 30u30,[],https://discord.gg/michaelsikand,15277,591,128,3007206859,investing,discord,2/2/26 0:00
Mr_Derivatives,Heisenberg,Daily Stock Market Commentary. Both Long/Short Ideas. Mostly Technical Analysis. Occasional Rants & Humor. Not Financial Advice. https://t.co/8pa0vyReDu,['http://wolf.financial'],http://patreon.com/thelonginvestor,327703,440,3856,958217615545049090,investing,"whop, newsletter, discord",2/2/26 0:00
MrMikeInvesting,Mike Investing,• Stock/Option Trader 📈 • 24/7 profit 💎 • Founder of Mikes Trading 👑 • I’m not a financial advisor • (You are responsible for your choices),[],https://whop.com/mikestrading/,252679,325,2653,1260552306782810112,investing,whop,2/2/26 0:00
nfergus,Niall Ferguson,"International man of history, Flying Scotsman. Author, @HooverInst senior fellow, @TheFP and @thetimes columnist. Opinions my own.",[],http://niallferguson.com,389251,1124,5008,49279876,investing,author,2/2/26 0:00
niubi,Bill Bishop,Sinocism https://t.co/4IciuAHywl Co-founded https://t.co/e9DjtXQ6tc. Sharp China Podcast https://t.co/qVWELS0lYq,"['http://sinocism.com/about', 'http://Marketwatch.com', 'http://sinocism.com/s/sharpchina']",https://sinocism.com/about,192203,5861,3451,3512101,investing,blog,2/2/26 0:00
nomiprins,Nomi Prins,"Author, Speaker, Independent Thinker, Macro Focused.",[],http://prinsightsglobal.com,43264,1335,863,25187182,investing,"research, macro",2/2/26 0:00
patientinvestor,Patient Investor,"Mr Market makes mistakes all the time and I'm here to take advantage of them.

Early $HOOD, $HIMS, $MAMA investor",[],https://youtube.com/@thepatientinvestorr?si=JcsBKaPCVbba3tpe,46622,35,656,1393928952046030859,investing,youtube,2/2/26 0:00
Paul_Wildcat,Paul Zbikowski,Investor in search of Quality.  I publish my analytical work on Substack. Not an investment advice.,[],https://bebopvalue.substack.com/,2839,540,62,817770781635645440,investing,blog,2/2/26 0:00
perfiliev,Sergei Perfiliev 🇺🇦,"I help investors make smarter decisions by explaining how markets, economics, and money work💡 | Ex-GS Quant

Financial markets courses 👉 https://t.co/Tt72MB92Np",['http://courses.perfiliev.com'],http://perfiliev.com/subscribe,66700,595,1186,2943613433,investing,newsletter,2/2/26 0:00
PeterLazaroff,Peter Lazaroff,Chief Investment Officer @Plancorp_LLC | CFA & CFP®| Contributor for @WSJ & @Forbes | Author of Making Money Simple | Host of The Long Term Investor Podcast,[],https://linktr.ee/peterlazaroff,4679,792,139,984980090,investing,"newsletter, podcast",2/2/26 0:00
PrestonPysh,Preston Pysh,"Bitcoin, Tech, & Books. 
Cofounder of TIP. GP @egodeathcapital. 
Advisor at @primal_app and @debificom. 
Nostr: https://t.co/DZDhdYp55P",['http://primal.net/preston'],https://www.theinvestorspodcast.com/,564587,1400,6810,538399586,investing,"research, podcast",2/2/26 0:00
pythonandfinhub,TheFinancialInvestor,Writing about AI infrastructure at https://t.co/nFgbVx0ZPK,['https://substack.com/@sectorplaybook'],https://substack.com/@sectorplaybook,46,71,1,1732881825507225600,investing,"blog, ai_infrastructure",2/2/26 0:00
rbradthomas,Brad Thomas,"Founder Wide Moat Research, Creator of iREIT®, Author of REITs For Dummies: https://t.co/PkB9GqCeB4",['http://www.youtube.com/@WideMoatResearch'],https://www.widemoatresearch.com/,21080,4713,314,41280268,investing,"research, newsletter, youtube, picks",2/2/26 0:00
RihardJarc,Rihard Jarc,"UncoverAlpha Tech Research newsletter, and Consulting (AI, cloud, semiconductors, platforms). DMs open. Tweets are only opinions.",[],https://www.uncoveralpha.com/,71389,2778,1545,4765100357,investing,"blog, newsletter",2/2/26 0:00
Ritholtz,Barry Ritholtz,Chair/CIO of RWM https://t.co/St006fc1z6 Masters-in-Business podcast/radio host Director of Cognitive Dissonance,['http://ritholtzwealth.com'],http://www.ritholtz.com/,242846,2812,6265,49753604,investing,podcast,2/2/26 0:00
ruth_capital,Ruth Capital,"Investment analyst based in the Baltics. This is my personal trading journal where I share my insights based on data analysis, and technicals! - DYOR/NFA",[],,50939,372,848,1656563451920019456,investing,kol,2/2/26 0:00
RyanDetrick,"Ryan Detrick, CMT","Chief Market Strategist at @CarsonGroupLLC

🔎 for the perfect BBQ and host to the Facts vs Feelings podcast

Manage nearly $7 billion for clients",[],https://www.carsongroup.com/research,205322,1432,4275,21232827,investing,"fund, podcast",2/2/26 0:00
RyanReeves_,Ryan Reeves,"Jesus-follower who invests ⬇️

Trying to help people save time and boost their investment returns.",[],https://www.investing-city.com,52607,802,1307,2961979644,investing,blog,2/2/26 0:00
saxena_puru,Puru Saxena,"Founder of research firm - AlphaTarget. Previously,  Founder / Portfolio manager of money management firms in Hong Kong. 

No investment advice, do your own DD.",[],https://www.alphatarget.com,390010,141,7108,1033127171298975744,investing,"research, newsletter",2/2/26 0:00
silverguru22,David Morgan,"Financial Newsletter Publisher featuring Money, Metals, and Mining. 
Blog: https://t.co/LXuiizDYwd
Twitter: https://t.co/2wY1R7JYcX","['https://www.themorganreport.com/blog', 'https://twitter.com/silverguru22']",http://www.themorganreport.com,126028,6871,1250,18524851,investing,newsletter,2/2/26 0:00
SleepWellTrung,Sleep Well Investments,"Author of Sleep Well Investments newsletter | Outperforming the market by owning mundane time-tested businesses 
https://t.co/vff3qingoI",['http://www.sleepwellinvestments.com'],http://www.sleepwellinvestments.com/,4628,921,74,932946462941564928,investing,blog,2/2/26 0:00
StockMarketNerd,Stock Market Nerd,Detailed equity research and balanced portfolio insights for serious investors who want analysis over hype. Invest with good reason here.,[],https://www.stockmarketnerd.com/,189024,1300,2981,1130601604418347008,investing,"research, newsletter, discord",2/2/26 0:00
stockseer,gene inger,"S&P and growth analysis for https://t.co/iId10WVh7L members; plus Tweets. A Financial TV pioneer; Gene’s quoted by Forbes, Barron's, CNN, WSJ & CNBC for decades.",['http://ingerletter.com'],http://www.ingerletter.com,4023,3900,35,1394971,investing,newsletter,2/2/26 0:00
stonkmetal,Heavy Moat Investments,"Young self-taught investor and Software dev
| Quality Value Investing
| Writer at Substack
| Entertainment only, no financial advice",[],https://heavymoatinvestments.substack.com/,24590,900,415,1263832117961723905,investing,blog,2/2/26 0:00
The_AI_Investor,The AI Investor,"NVIDIA Daily | A fan of Jensen Huang & Elon Musk | My posts are not investment advice | 

Join Patreon community for portfolio updates & more on AI Investing.",[],https://www.patreon.com/The_AI_Investor,72182,859,1093,1307411656784277504,investing,whop,2/2/26 0:00
TheLongInvest,The Long Investor,"Airline Captain, B.A. in International Business & Economics, Law Diploma, Technical & Financial Analyst. Not Financial Advice.
Patreon: thelonginvestor",[],https://www.patreon.com/thelonginvestor?utm_campaign=creatorshare_creator,251917,892,3069,1378993399844442112,investing,whop,2/2/26 0:00
TheShortBear,THE SHORT BEAR,Contrarian stoic trader and long term investor | 2013 | drive: Philosophy & Psychology | Tweets are purely for entertainment purposes and not investment advice,[],https://linktr.ee/theshortbear,188663,578,2900,3229256723,investing,"youtube, blog",2/2/26 0:00
thexcapitalist,Oguz O. | 𝕏 Capitalist 💸,Selective contrarian investor | The founder & writer of the Capitalist-Letters newsletter read in +180 countries,[],https://www.capitalist-letters.com/,113364,498,1612,1671992086424432640,investing,newsletter,2/2/26 0:00
TradeTherapyllc,"Trade Therapy, LLC",Institutional-cycle market education. Clarity: weekly research for self-directed investors. CA-registered RIA (CRD/IARD #336468). Disclosures link.,[],https://tradetherapyllc.com/disclosures/,695,135,12,1803106135718985728,investing,"research, newsletter",2/2/26 0:00
ttmygh,Grant Williams,"Author, Things That Make You Go Hmmm..., Co-Founder, Real Vision, Advisor to Vulpes & Von Greyerz. Retweets ≠ endorsements. Likes = bookmarks. WONT SHILL CRYPTO",[],https://www.grant-williams.com,143496,981,3129,415921084,investing,"newsletter, podcast",2/2/26 0:00
UrbanKaoboy,Michael Kao,GS/J. Aron➡Canyon Partners➡Akanthos Capital➡Kao Family Office🏦Globetrotter✈ Headbanger🤘Star Wars Fan🌌 Mixologist🍸Diver🤿 | NO INVESTMENT ADVICE,[],http://www.urbankaoboy.com/,110520,2228,2660,26266863,investing,blog,2/2/26 0:00
willywoo,Willy Woo,"I do numbers, mainly #Bitcoin related. I only post here, all other channels including Telegram are scams. Co-founder: @bitcoinvector and @crestfund",[],https://willywoo.substack.com/,1235203,306,16945,13418472,investing,blog,2/2/26 0:00
WolfOfOakville,Wolf Of Oakville,Taking a magnifying glass to small cap FINS. Advocate for retail investors. Substack Best Seller to 4K readers. #FinsDontLie,[],http://wolfofoakville.com,7297,445,124,1352814308430929920,investing,blog,2/2/26 0:00
WolfOfWeedST,Jason Spatafora,"Investor & stock market provocateur. Lover of irrational exuberance & girls named Vanessa. Options trader, I am The OI...",[],https://substack.com/@wolfstreet420?r=61yefd&utm_medium=ios&utm_source=profile,70662,1164,975,2259383122,investing,blog,2/2/26 0:00
yianisz,Yiannis Zourmpanos,"Investing in Winners Before They Break Out 📈
Featured on Forbes & Nasdaq | ex-Big4 | Top 0.1% Rank
$PLTR@$7 $SOFI@$4 $NBIS@$19 $EOSE, $KRKNF & more..",[],https://yiazou.com,16236,96,198,1474490409036521472,investing,"research, picks",2/2/26 0:00
themarketear,The Market Ear,"Exclusive insights, premium market analysis, and expert commentary. 
Now part of Zero Hedge Premium.",[],https://www.zerohedge.com/signup,81737,199,2398,1093960278285434880,investing,"research, newsletter",2/2/26 0:00
QTRResearch,Quoth the Raven,All personal opinion & snark | Not financial advice | PLEASE read my disclaimer: https://t.co/s7AtYCmH6f,['https://quoththeraven.substack.com/about'],https://quoththeraven.substack.com,290353,1830,3830,1469603575,investing,"blog, macro",2/2/26 0:00
0x5uff3r,sleepywinz.exe,"PhD in Ponzinomics
@coingecko MRA
@HoogaVentures @HoogaGaming certified degen
own brain, own opinions.
bearish on life, bullish on tech",[],https://🕹👽🍔💰.y.at,1898,3767,0,912207396,crypto,website,2/2/26 0:00
0x61656c,Aaron Lebel,in medias res,[],https://aaronlebel.com,920,348,0,2503062565,crypto,website,2/2/26 0:00
0x7477,Tyler W,"the yield must flow @vaultsfyi // commentary on DeFi, stablecoins, yield",[],https://tylerw.fyi,1227,3159,0,1082724937746530305,crypto,website,2/2/26 0:00
0x_Robbie,Robert,Head of Research & Institutional Relations @union_build | Formerly tradfi and fintech,[],https://research.union.build,74540,278,0,1589223413662490625,crypto,research,2/2/26 0:00
0xAlxq,alxq,Building products at the intersecition of AI & web3,[],https://alxq.com,595,335,0,2235932112,crypto,website,2/2/26 0:00
0xCapitulation,Capitulation Capital,暗黒舞踏,[],https://whop.com/thehaven/?a=lo…,3367,37,0,1287278627151736833,crypto,whop,2/2/26 0:00
0xCorina,Cori.eth 🐝,DeFi girlfriend 🌼 Mentor @hypernestDAO 🦋 prev. growth @venusprotocol @defiantnews @skyecosystem | @shefiorg cohort 5 l certified ICF coach 🧠,[],https://0xcorina.notion.site,3171,2516,0,1347221316999512065,crypto,notion,2/2/26 0:00
0xDeric,Deric | AGI Social Contract,"Researching policies to redesign governments for the upcoming AI economic transformation.

@alchemy 5th SWE | @google research  | @web3university founder",[],https://deric.io,874,272,0,463991115,crypto,website; research,2/2/26 0:00
0xEricBrown,eric.base.eth,"leading DevRel @base | accelerating builders with AI tools, onchain opportunities, frontier insights | former founder onchain since '17",[],https://ericbrown.io,2686,1406,0,1097502501534924800,crypto,website,2/2/26 0:00
0xfilter8,Filter8,Building @mintbay_co & @glyfoc || Artist || Indie-Dev || Fully 0n-Chain Creator,[],https://filter8.xyz,2898,1520,0,47306745,crypto,website,2/2/26 0:00
0xfreestyler,Free Styler | DeFi 🌹,DeFi Insights | Research | Infographics | Education | Contributor | posts are nfa | thoughts are my own | TG: https://t.co/tPByArted6,https://t.me/freestylerdefi,https://substack.com/@freestyler1,1336,608,0,1751255665845145600,crypto,blog,2/2/26 0:00
0xGeeky,FROSTY 🧸,chief rumor monger - DeFi • NFT • AI | marketing & growth. ex lead @KingdomlyApp @youmio_ai,[],https://0xGeeky.com,32857,2400,0,621737512,crypto,website,2/2/26 0:00
0xGomm,0xGomm,,[],https://dune.com/0xgomm,157,646,0,1480802770190204930,crypto,research,2/2/26 0:00
0xJaehaerys,jaehaerys 🪽,@geloraresearch,[],https://jaehaerys.xyz,6293,1857,0,1160854381555867648,crypto,website; research,2/2/26 0:00
0xJim,Jim,"former founder, now product @lifiprotocol / prev @catalystsystem (acq.), product @aave, @ripple",[],https://jimchang.xyz,42281,847,0,1179611794228174849,crypto,website; research,2/2/26 0:00
0xKaden,kaden.eth,"evm security eng/research, LSR @spearbit / @cantinaxyz",[],https://kaden.xyz,6341,287,0,1200227965079916545,crypto,website; research,2/2/26 0:00
0xKofi,Kofi,Senior Data Nerd @Base | Built https://t.co/BzTsLR2zWn (Smart Wallet Data) | 🇬🇭,https://www.bundlebear.com/eip7702-overview/all,https://0xKofi.com,37146,214,0,1367393425331544070,crypto,website; research,2/2/26 0:00
0xkowloon,0xkowloon,"https://t.co/aJLv9QDWIG
https://t.co/z1wpoen9ht",[],https://0xkowloon.substack.com,1053,907,0,1009026524895371269,crypto,blog,2/2/26 0:00
0xLittleGhost,LittleGhost👻,DeFi Research & Breakdowns | Content @Token_Logic,[],https://littleghost.im,388,485,0,1825643221302542336,crypto,website; research,2/2/26 0:00
0xmattegoat,Matteo 🧩,CEO @PragmaOracle,[],https://matteo.posthaven.com,1481,1463,0,1430593087139635202,crypto,research,2/2/26 0:00
0xMoei,Moei,married an amazing wife💍 | co-founder of @zumolabs_xyz,[],https://0xmoei.xyz,56308,4503,0,1396299468782329859,crypto,website,2/2/26 0:00
0xnandhu,nandhakishor 🔛⛓️🍀,Babysitting  @exprmntsdotfun @lotrydotfun | Contributor @Zetachain | @proofofmallu,[],https://nandhakishor.xyz,1934,1847,0,1363061506099716100,crypto,website,2/2/26 0:00
0xOptimus,Optimus,"🦀 | cs @uwaterloo | prev swe intern @ flashbots, @base, @axelar, @amazon | wizard @dune | fellow @paradigm | founder @wlooblockchain | ETHDenver 2025 winner",[],https://dune.com/optimus,3887,909,0,1517291333437767680,crypto,research,2/2/26 0:00
0xrishng,Rishabh Narang,Lead @SharpeLabs @Hive_intel,[],https://rishabhnarang.com,7904,480,0,739059810511900673,crypto,website,2/2/26 0:00
0xTajigen,Citizens of Tajigen,,[],https://tajigen.xyz,79229,28,0,1492238107730755585,crypto,website,2/2/26 0:00
0xThoor,Thor,@nascent  |  @onchaintimes,[],https://www.onchaintimes.com/,94659,635,2553,3039445715,crypto,"research, blog",2/2/26 0:00
0xtimdev,Tim,"I try to build dumb things for retard people -
Bitter Software Engineer",[],https://0xtimdev.xyz,1087,708,0,1808784080512954370,crypto,website,2/2/26 0:00
0xwonj,wonjae.eth,"Blockchain Researcher at {@SeoulNatlUni, @DecipherGlobal}",[],https://wonjae.eth.limo,303,624,0,1558892888809156608,crypto,website,2/2/26 0:00
1kbeetlejuice,beetle,,[],https://dune.com/beetle,3465,1276,0,1510806220445261825,crypto,research,2/2/26 0:00
3azima85,Azima 🛸,@3rdStCapital | @unidentifiedDao | shitposter | Gooner COYG,[],https://dune.xyz/azima,7628,2912,0,260180304,crypto,research,2/2/26 0:00
_snaerr,sheheryar,systems guy. crackhead cto.,[],https://cherryman.org,527,244,0,1660771017415962627,crypto,website,2/2/26 0:00
aadams,Austin Adams,building @whetstonedotcc | advising @variantfund | prev @uniswap,[],https://aada.ms,6705,1666,0,357724845,crypto,website; research; interesting,2/2/26 0:00
ACER_xy,Acer | Content Strategist,"▶I shape narratives for web3 privacy founders and Series A privacy tech. ▫▫ Content strategy that funds privacy protocols ▫▫ Cult ➨ @sheFiorg, @scribble_dao.",[],https://notion.so/The-Conversion…,1405,397,0,1212712740554326016,crypto,notion,2/2/26 0:00
adrianleb,adrianleb,reading mode,[],https://adrians.info,3407,1080,0,81670762,crypto,website,2/2/26 0:00
alexgolding_,Golding,"VC @Delphi_Digital.  Prev: @solana

Opinions my own

Writing about frontier tech with a focus on crypto strategy, AI (esp biotech*AI), and entrepreneurship",[],https://AlexanderGolding.com,5317,5619,0,4151169190,crypto,website,2/2/26 0:00
alexwestco,Alex West 🚀,"Unemployed. Made my first $1M with https://t.co/NRrprPVGSl. Started building in 2018, failed with 19 products, got lucky with 1. Taking a break and writing all about it.",https://cyberleads.com/,https://alexwest.co,41259,643,0,2780546982,crypto,interesting,2/2/26 0:00
alitiknazoglu,ali.base.eth,product guy | building @inflynce on @base | @lume_labs,[],https://alitiknazoglu.xyz/socials,9067,1650,0,1308123100576387072,crypto,website,2/2/26 0:00
amitchax,Amit Chaudhary,Founder @ Stealth | Research Fellow @uniofwarwick | Ex Head of DeFi Research @0xPolygon | Ex @jpmorgan | econ Ph.D. | engineering @IITKanpur,[],https://amit-chaudhary.com,1330,467,0,2817159037,crypto,website,2/2/26 0:00
analyticalali,Ali,Crescat scientia; vita excolatur ◎ CSO @moveindustries ◎ Venture Partner @recvcx ◎ @_ledao🥐 ◎ @InternDAO @Uchicago @Flexport,[],https://alisheikh.io/,10132,9598,0,64021497,crypto,website,2/2/26 0:00
angstromxyz,Angstrom,The future of decentralized exchange | Built by @sorellalabs,[],https://angstrom.xyz,4200,1,0,1763907155642474496,crypto,website,2/2/26 0:00
AppleNvidia,AppleNvidia ∞ KIN,Founder @AppleNvidiaAlfa 💎 Alpha is Darkness let me Shine the Light ⚡️ I track Smart Money 🧠🧠 Scout @SeedifyFund @Wise3Ventures @getmoni_io OG | Angel and VC,[],https://whop.com/applenvidiaalp…,1339,7501,0,1762548802509225984,crypto,whop,2/2/26 0:00
arjunnchand,Arjun Chand,B2B SaaS with the bois @lifiprotocol @JumperExchange newsletter & pod: https://t.co/YpeP3czNCK,https://lifi.substack.com/,https://arjunnchand13.medium.com,11419,5051,0,925318239990693888,crypto,blog,2/2/26 0:00
arndxt_xo,arndxt,"Slumbered into the depths of 🥩 | 🍄 | 🧠  

EdgeX VIP2 link for 10% more points: https://t.co/16pY0NrIin

TG: https://t.co/LZey0AcSFc",https://t.me/threadingontheedge,https://ThreadingontheEdge.substack.com,47360,1759,0,1577290996026511360,crypto,blog,2/2/26 0:00
Auri_0x,Auri,"I don't actually believe anything I talk about, I'm just saying words recreationally",[],https://auri0x.io,21478,2636,0,1549357759023714304,crypto,website,2/2/26 0:00
avi_eisen,Avraham Eisenberg,"Applied game theorist.

blog occasionally at https://t.co/WaEeKoB8pk, formerly https://t.co/7pCTSXyDWp

""not ... a very serious person"" - Scott Alexander",https://misinfounderload.substack.com/,https://deepfivalue.substack.com,37364,1041,0,2839135427,crypto,blog,2/2/26 0:00
awesamarth_,Samarth,i like building cool stuff and explaining it | devrel engg @risechain,[],https://awesamarth.dev,1479,859,0,1489117086953910272,crypto,website,2/2/26 0:00
Belminkalkan,0xRecruiter,Building https://t.co/F2oqKR0Sik | @offchainlabs/@arbitrum /@Binance | Arbitrum DAO Delegate |,https://0xrecruiter.com/,https://0xrecruiter.com,8961,6529,0,1273339161777516546,crypto,interesting,2/2/26 0:00
benlakoff,Ben Lakoff,"Entrepreneur | Investor | CFA 

@banklessvc",[],https://benlakoff.com/,10444,3380,0,868398699851816960,crypto,website,2/2/26 0:00
BillyM2k,Shibetoshi Nakamoto,the dumbass who made dogecoin | https://t.co/nmb2pyTTif | sign up for itrustcapital using https://t.co/dym6e6bOxF for a $100 bonus,https://billym2k.net/partnerships,https://billym2k.net,2321588,420,0,30699048,crypto,website,2/2/26 0:00
bitfalls,Bruno Skvorc,"Polygon Devrel. Building https://t.co/KGtB9MQeDp. I build and write at https://t.co/PVDA0zA99S and launch on https://t.co/RMLevtXKCw. Write-only account, find me on TG @swader.",https://x402.watch/,https://bruno.eth.link,33578,7145,0,125083073,crypto,website; blog,2/2/26 0:00
bmrothenberg,Brian Rothenberg,"General Partner @defyvc | ex-VP of Growth @Eventbrite (IPO), and startup founder & scaler. Dad x4 (!)",[],https://brianrothenberg.com,5538,838,0,61514209,crypto,website,2/2/26 0:00
BowTiedIguana,BowTiedIguana | DeFi & Cybersecurity Researcher,"Join 45,000 readers - best DeFi research since 2021 https://t.co/TnqvgrvX5t  Team @BowTiedBull | Projects & contact 👇",https://defieducation.substack.com/,https://bowtiediguana.com,22901,606,0,1345082666635280384,crypto,research; blog,2/2/26 0:00
brandank_cr,Brandon Hong,Tweets on the most asymmetric crypto trades & private market investments. All in on humanoid robots and AI. Private Discord: @BHInsights_,[],https://whop.com/bhinsights/,60661,92,0,859218442892726272,crypto,whop,2/2/26 0:00
breizhnode_,BreizhNode | EasyNode,"Co-Founder of @easynodexyz Crypto, blockchain, and masternode enthusiast Join Discord: https://t.co/7UsWtLWZ3j (EN/FR)",https://discord.com/invite/NRnceGDqNW,https://medium.com/@breizh-node,3389,574,0,1381708079788605442,crypto,blog,2/2/26 0:00
Carolinakeith_1,Professor Keith 🏫📈,"pro data analyst | Live streams 2x per week and daily charts | crypto since 2018
panthers/heels/hornets |

nothing I do is financial advice. Let's discuss!",[],https://whop.com/team786,16900,95,0,131737652,crypto,whop,2/2/26 0:00
cmdefi,CM,"陈默 DeFi OG.
Core LUNAtics. 
// DeFi Research and Practice.",[],https://cmdefi.io,54695,3634,0,971201087767068672,crypto,website,2/2/26 0:00
crypto_madz,Madz,"Bitcoin 13 / Sweat more during peace, Bleed less during war 🗝️Market Guide👇",[],https://whop.com/madz-market-gu…,10859,862,0,255502022,crypto,whop,2/2/26 0:00
CryptoGodJohn,Johnny,"👑 For first access to all my trades, onchain plays, and daily market insights signup to @wealthgroup 🔥 My posts are not financial advice. Disclaimer",[],https://whop.com/wealthgroup/,874548,884,0,210623431,crypto,whop,2/2/26 0:00
CryptoKoryo,Crypto Koryo,Founder @_dexuai | Narratives | Data maxi,[],https://dexu.ai/,55322,729,1834,1453478721063620613,crypto,"research, analytics, platform",2/2/26 0:00
CryptoShiro_,Shiro,Former Research Analyst for a VC | Curatooor & Threadooor | Alpha Channel 💎 https://t.co/lcWgGa421B | Working w/ @GREEND0TS,https://t.me/shiroalpha,https://linktr.ee/cryptoshiro,68773,1689,0,1396104470371651585,crypto,research; blog,2/2/26 0:00
Cryptotrissy,Trissy,"One final bull run

https://t.co/dTXalVRUda",https://t.me/TrissysEdge,https://cryptotrissy.substack.com,17301,976,0,3007589515,crypto,blog,2/2/26 0:00
CryptoUB,UB,Price Action Trader | @TheHavenCrypto | Not Financial Advice | Join My Community ⬇,[],https://whop.com/thehaven/?a=ub,62678,545,0,949749627418562561,crypto,whop,2/2/26 0:00
CurveCap,crv.mktcap.eth,"📧 https://t.co/baE1fLyad9
""Literally Erotica, but for Degens""

DeFi maxi
#Curve #Vyper #Llama

As seen on @Leviathan_News",https://curve.substack.com/,https://curve.substack.com,23940,2482,0,1326211445978144768,crypto,blog,2/2/26 0:00
dcbuilder,dcbuilder.eth ⚪️,🇪🇺🇨🇿. math. Ethereum. ZK. Rust. @worldcoinfnd. accelerating @worldcoin. World Chain⚪️. angeling in friends. Hopeful about humanity.🦀👽,[],https://dcbuilder.dev,47313,5011,0,848628608738488321,crypto,website; research,2/2/26 0:00
DeanEigenmann,Dean Eigenmann,"unreasonable voice of reason, thinking about markets at @marketsincorp

ex: @projectblanc_ch, @ensdomains, @ethstatus",[],https://dean.eigenmann.me,20959,500,0,2402911406,crypto,website,2/2/26 0:00
dee_centralized,Dayana Aleksandrova,"new media lead + content @walletconnect prev. @cointelegraph, @bankofamerica / @shefiorg. My opinions.",[],https://dayanas.notion.site/Blockchain-Por…,6831,3557,0,1675601181911949317,crypto,notion,2/2/26 0:00
DeFi_Cheetah,DeFi Cheetah - e/acc,Investing @VelocityCap_｜prev @BinanceResearch｜Disclaimer: No Financial Advice,[],https://anthony-chan.notion.site,40621,4923,0,1501968038991925249,crypto,notion,2/2/26 0:00
defi_mago,DeFi Mago,DeFi Research | @Dune Data Wizard 🧙‍♂️. Turning On-Chain Chaos into Visual Alpha | Vibing with Stablecoin & LST,[],https://dune.com/defimago,11758,780,0,1641371795889725442,crypto,research,2/2/26 0:00
DefiIgnas,Ignas | DeFi,"Subscribe to my DeFi blog to get ahead of the curve 👉 https://t.co/7O0WAdXUnT

Co-founder of @PinkBrains_io DeFi Creator Studio",https://www.ignasdefi.com/,https://ignasdefi.com,158495,1689,0,831767219071754240,crypto,blog,2/2/26 0:00
definalist,Definalist,5 Traders based on china🇨🇳 & core member of @Dumpster_DAO,[],https://definalist.notion.site/Definalist-951…,18899,177,0,1418249451785785353,crypto,notion,2/2/26 0:00
DeFinci_,Lorenzo DeFinci,"Aspiring Da Vinci but for DeFi ⚖️ - Data Nerd and DeFi strategist - 

TDE Ventures - Seed Deals @thedefiedge",[],https://linktr.ee/defincidigital,2119,364,0,1469226002035445765,crypto,research; blog,2/2/26 0:00
Degenerate_DeFi,Stablecoin Intern,research @messaricrypto | finding stablecoin gems,[],https://messari.io/research/qorban-ferrell,6525,454,197,862868996294451200,crypto,"research, reports",2/2/26 0:00
delete_shitcoin,☀️☀️☀️☀️☀️☀️☀️☀️☀️☀️☀️☀️☀️☀️☀️☀️☀️☀️☀️☀️☀️☀️☀️☀️,Larpers who self-style as CEOs or CTOs or VCs are a bigger problem than the establishment. They can’t build anything and will sell you out in 2 seconds.,[],https://nikolai.fyi,18154,430,0,1516853888124608512,crypto,website,2/2/26 0:00
delitzer,Dan Elitzer,Backing early-stage teams @nascent,[],http://nascent.xyz,24764,2172,849,23656945,crypto,research,2/2/26 0:00
derek_wolters,Derek Wolters,"Gambler/Investor. I write about technology, media, and crypto @ https://t.co/LegsGGf281",https://dw.substack.com/,https://DerekWolters.com,3070,485,0,46078351,crypto,website; blog,2/2/26 0:00
desamtralized,deSAMtralized🦀🛠,Software Developer. Decentralization maxi.,[],https://sambarbosa.tech,2607,2558,0,64826303,crypto,website,2/2/26 0:00
divine_economy,david phelps,"cofounder @jokerace_io 
write on web3 @ https://t.co/SxoZmGADyy
angel https://t.co/1bRybuBYWV",https://divine-economy.github.io/,https://davidphelps.substack.com,77349,1035,0,1379448557711818759,crypto,blog,2/2/26 0:00
dknugo,dknugo,Ex Corporate VC,[],https://dune.com/dknugo,766,1806,0,1046352560,crypto,research,2/2/26 0:00
dmihal,David Mihal.eth,ERC-20 minimalist,[],https://davidmihal.com,13802,2613,0,2730853586,crypto,website,2/2/26 0:00
dntse,David Tse,"Professor at Stanford University (https://t.co/LJLXu7aKyi, https://t.co/lwU5yWvC6W) Co-founder of  Babylon protocol, Information theorist.",https://www.davidtse.io/,https://davidtse.io,8655,171,0,2162542329,crypto,website,2/2/26 0:00
drydenwtbrown,Dryden,Rome will still stand at the end. https://t.co/s2svOvziYS,https://www.praxisnation.com/join,https://drydenbrown.posthaven.com/about,26536,4963,0,878945155335716864,crypto,website,2/2/26 0:00
DynamoDeFi,Dynamo DeFi,"DeFi news, trends, tutorials, and analytics.

YouTube: https://t.co/VCUtE749Xn
Newsletter: https://t.co/YXXGug6t9V",https://www.youtube.com/dynamodefi,https://dynamodefi.com,1496,16,0,1391102593477320705,crypto,blog,2/2/26 0:00
earnski_,Earnski 💵 ⛷️,I Invest In Multi-Family Real Estate 🏘️ and Bet sports 🏈 🏀 ⚾️ lose small win BIG 💰,[],https://whop.com/the-locker-roo…,4001,942,0,1269683643972124673,crypto,whop,2/2/26 0:00
ebfull,Sean Bowe,"Zcash developer and crypto researcher, also on bluesky @/seanbowe.com",[],https://seanbowe.com,7252,288,0,2518224535,crypto,website; research,2/2/26 0:00
ed_roman,Ed Roman,"Co-Founder (2017–2025) Hack VC
Founder (2014-2025) hack.summit()
CEO (2014-2015) HackHands
CEO (2008-2012 Ghostfire Games
CEO (2000-2003) TheServerSide",[],https://about.me/Edro,4227,395,0,32497365,crypto,website,2/2/26 0:00
Eli5defi,Eli5DeFi,Visual Information Layer of Web3 | TG Channel ➠ https://t.co/NquSvtpCHc | Substack ➠ https://t.co/v8sw4Lo157 | All Posts NFA + DYOR,https://eli5defi.substack.com/,https://linktr.ee/Eli5DeFi,44339,7041,0,1481568237624393730,crypto,blog,2/2/26 0:00
elie2222,Elie Steinbock — oss/acc,"Building https://t.co/0MTUhgDLIE, your executive assistant for email. 15k users. OSS | Cursor Ambassador | YouTube on open source: https://t.co/qf66pPJzgf",https://www.youtube.com/elie2222,https://elie.tech,13115,3146,0,158899715,AI,"website, education",2/2/26 0:00
emilianobonassi,Emiliano Bonassi,Head of Rollup Eng and Product @conduitxyz | Researcher and investor with interest in security | fmr: @yearnfi @awscloud | opinions are my own 🦇🔊,[],https://emilianobonassi.com,11884,700,0,15253843,crypto,website; notion; research,2/2/26 0:00
Esongsofficial,ESONGS_eth,i create researched driven contents on DEFI narratives || Amb @eoracle_network || creator @scribble_DAO,[],https://notion.so/Esongs_eth-220…,2739,494,0,1458513068363710469,crypto,notion,2/2/26 0:00
ExitLiqCapital,nick (boxing/fitness arc),"Calendar GCR

semi-retired derivatives trader

schizophrenic and retarded

savant",[],https://whop.com/dontbeexitliqu…,34104,1504,0,546991634,crypto,whop,2/2/26 0:00
FEhrsam,Fred Ehrsam,"Co-founder @Nudge, @Paradigm, @Coinbase",[],https://fehrsam.xyz,230106,2607,0,315991624,crypto,website,2/2/26 0:00
FreedomXarokk,Xarokk🔺 🧬,"Avalanche Team1 member  | @movementlabsxyz Chief Scholar | 
@StableJack_xyz Advocate  | @SnowGuard_ Member | @Covalent_HQ Alchemist OG",[],https://succulent-silene-cc2.notion.site/Xarokk-Wiki-b5…,775,2214,0,908249769860091904,crypto,notion,2/2/26 0:00
friend_tweeter,Friend Tech Tweeter,"The first ever social experiment on https://t.co/bur08Iil04 | 
(pseudo)anonymously post tweets through the key-holders chat |
Publicly identify and ban users you dont like!",https://www.friend.tech/keys,https://medium.com/@friend_tweete…,131,2,0,1695525112055803904,crypto,blog,2/2/26 0:00
functi0nZer0,laurence,@wildcatfi // the promise of the emptiness machine,[],https://laurence.day,63030,5070,0,22758405,crypto,website,2/2/26 0:00
gabrielbianconi,Gabriel Bianconi,ceo @tensorzero · open-source stack for industrial-grade LLM applications,[],https://gabrielbianconi.com,2406,193,0,14535731,crypto,website,2/2/26 0:00
gajesh,Gajesh,"engineer, chaos agent @eigencloud ($12B+ AUM). fmr: @solana, LZ, FTX, TG. perpetually curious. studying human-machine coordination.",[],https://gajesh.com,45361,2813,0,807257752775065601,crypto,website,2/2/26 0:00
gofordylan,dylanb.eth,Formerly known as limes.eth. Steward @ens_dao Building transparency with https://t.co/9r4eIgUSUL,https://safenotes.xyz/,https://dylanbrodeur.org,3304,492,0,1386002728673968129,crypto,website,2/2/26 0:00
gogokikaider,grey.base.eth,"Web3 Consultant, Certified @base enjoyer, Degen, Onchain Artist // on Farcaster @greyseymour",[],https://greyseymour.xyz,3961,4522,0,1625075013266345986,crypto,website,2/2/26 0:00
green_but_red,Green But Red,"Researching and documenting journeys to have daily green portfolios. 
Ex Crypto Fund Analyst.

TG channel: https://t.co/vbWu52yFqi",https://t.me/curatedcrypt0,https://curatedcrypt0.substack.com,11521,1026,0,1855960856690839552,crypto,blog,2/2/26 0:00
heygeorgekal,George Kal,"Engineering Manager @ Contentful
Building side projects & sharing creator insights  
Tech, product & pragmatic AI takes",[],https://georgekal.com,757,739,0,1136925724810653696,crypto,website,2/2/26 0:00
HighCoinviction,Daniel Cheung,Co-Founder @SyncracyCapital. Speculator. Not Financial Advice. Disclaimer: https://t.co/eNJU7B9FH0,['https://www.syncracy.io/disclaimer'],,38429,90,1083,1268013291944771584,crypto,"research, fund, reports",2/2/26 0:00
himgajria,him,"Following the crowd, from the front.",[],https://himgajria.com,111964,2341,0,1054149844384669696,crypto,research; blog,2/2/26 0:00
Hydra_Thahmid,HYDRA,I livestream my trades everyday inside discord,[],https://whop.com/everyday-live-…,112954,61,0,1532375257734123521,crypto,whop,2/2/26 0:00
ilikesymmetry,conner.base.eth,"onchain @base, co-founded @0xstation (acq. @coinbase), almost bought a constitution",[],https://connerswenberg.com,1947,801,0,1301239135789879296,crypto,website,2/2/26 0:00
Indian_Bronson,ib,"https://t.co/SN8lIlBeQu 
urbit: ~tiplen-tarryc
@indian_bronson vienna dot earth, telegram, discord, etc.",https://indianbronson.substack.com/,https://indianbronson.substack.com,92372,8538,0,1357717304931479552,crypto,blog,2/2/26 0:00
info_insightful,Insightful,"Making you more insightful about Airdrops, Web3 and more | Info Asymmetry Addict | https://t.co/8wVIsSHCmZ",[],https://insightfulinfo.substack.com,21236,901,0,1246515373370945543,crypto,blog,2/2/26 0:00
jake_pahor,Jake Pahor,"DeFi creator & analyst | Documenting my quest for financial freedom | 🇦🇺 

https://t.co/rlYY20wRI3",['https://jakepahor.substack.com/'],https://linktr.ee/jake_pahor,31496,1168,1029,1466971677389037573,crypto,"research, blog",2/2/26 0:00
JamesCliffyz,Shogun 🦇🔊,"Roo in DeFi and JPEGs
Buying tops selling bottoms
| Chef @SteakhouseFi
| @castle__cap",[],https://dune.com/shogun/,2255,612,0,1174524342761218048,crypto,research,2/2/26 0:00
jarrodwatts,Jarrod Watts,vibe coding tips · ai tools & workflows · building @abstractchain,[],https://www.jarrodwatts.com/,29355,1226,488,1366011468911497216,crypto,"research, website",2/2/26 0:00
jasonzhao,Jason Zhao,,[],https://jasonjinzhao.com,60546,1394,0,2309465642,crypto,website,2/2/26 0:00
javierbyte,Javier Bórquez,Mexicano. Software ▲ @Vercel,[],https://javier.xyz,5808,707,0,317992786,crypto,website,2/2/26 0:00
jay_drainjr,jay,investing @a16zcrypto | winning is everything,[],https://jaydrainjr.com,9005,1589,0,324229111,crypto,website,2/2/26 0:00
jayantkrish,Jayant Krishnamurthy,"CTO @DouroLabs, contributor to @PythNetwork and @fogochain",[],https://jayantkrish.com,3404,427,0,56499489,crypto,website,2/2/26 0:00
jbrukh,Jake Brukhman,Founder & CEO @coinfund_io. Engineer. Investor. Researcher of crypto networks. Champion of the builders of the new internet. (Not investment advice.),[],https://brukhman.com,50814,6748,0,14592709,crypto,website,2/2/26 0:00
jeremykauffman,Jeremy Kauffman 🦔🌲🌕,"Be free, make babies, build stuff, and have fun

New Hampshire supremacist",[],https://kauffj.com,201563,2155,0,36996328,crypto,website,2/2/26 0:00
jianxliao,jian,hci × ai | “the agent guy” @agentbase_,[],https://jian.world,7374,1730,0,1573002046143614977,crypto,website,2/2/26 0:00
jillgun,Jill Gunter ☕,Cofounder @espressosys ☕️ Prior Lives @slow @chain @goldmansachs ⛓️ I want to @makeopenmoney,[],https://jillrgunter.com,69491,2704,0,169312819,crypto,website,2/2/26 0:00
John1wu,John Wu 🔺,"President @avalabs, open innovation @avax. @cornell @harvard alum. Views are of my own. Not financial advice.",[],https://johnwu.finance,72591,1953,0,1020364389222793216,crypto,website,2/2/26 0:00
John_Rocker_,Johnny Rocker,let’s get that bag,[],https://beniaminmincu.com,2367,1183,0,1361490260518047747,crypto,website; interesting; blog; research,2/2/26 0:00
jon_charb,Jon Charbonneau 🇺🇸,Co-founder @dba_crypto,[],https://dba.xyz,27536,508,0,1484537340412452868,crypto,research,2/2/26 0:00
Jon_HQ,Jon_HQ,"Follow for Web3 security alpha. 

My clients include @PudgyPenguins, @Doodles, etc.

Contributor @BoringSecurity @Server_Forge

I provide Discord audits.",[],https://jonhq.com/tweet-threads/,20242,4074,0,14352891,crypto,website,2/2/26 0:00
jonmoore202,Jonathan Moore,@tcg_crypto,[],https://jonmoore.xyz,4280,1402,0,1226667228466159616,crypto,website; research,2/2/26 0:00
jpoGMI,john o’connell,Venture Situations @proofgp | joconnell34 on tg / discord,[],https://johnoc.xyz,2163,2472,0,3601391055,crypto,website,2/2/26 0:00
jtguibas,John Guibas,proving what's real @succinctlabs. prev @stanford,[],https://jtguibas.com,7834,1897,0,1486964475261374464,crypto,website,2/2/26 0:00
JustDeauIt,Michael Nadeau | The DeFi Report,"Founder @ The DeFi Report |  Research, Market Insights, and Onchain Data: https://t.co/xa8A2CcHq8",['https://thedefireport.io/'],https://www.linkedin.com/in/michael-austin-nadeau/,14460,530,386,1264365405684092928,crypto,"research, reports, picks",2/2/26 0:00
jyatrofsky,Jessica Yatrofsky ✡︎,"Artist, Author & Activist 💋 | Web3 | Founder of @VIPrivacyKey + @1KiSSHL BTS Lady @LiquidLaunchHL",[],https://jessicayatrofsky.com/links,13091,3097,0,144036212,crypto,website,2/2/26 0:00
Kaffchad,Kaff 📊,"Daily Ape #2017
3000+ collabs & networking

Contributor: @LunarStrategy
ABS: @SeiNetwork

DailyAPE: https://t.co/lmJEtUqKhq

DM: https://t.co/ZRiosL8lTf",https://t.me/KaffDailyApe,https://thekafka.substack.com,19893,2477,0,1446022911681200128,crypto,blog,2/2/26 0:00
Kairos_Res,Kairos Research,Crypto Research Firm | Staking with @Firstset_,[],https://kairoscrypto.substack.com/,8477,3,315,1747380908359864320,crypto,"research, blog",2/2/26 0:00
karine_hsu,Karine Hsu,partner @slopeagency | former YC founder + pro badminton player 🏸 | snack + kdrama enthusiast,[],https://karinehsu.com,8254,4289,0,1668886004,crypto,website,2/2/26 0:00
kashev,petar.base.eth,Crypto Class 2017 ⟠ Past: @ambire @AdEx_Network ⟠ @Safaryclub Cohort 2 ⟠ Research / opinions are my own,[],https://petar.xyz,751,643,0,1633774820155445248,crypto,website,2/2/26 0:00
katie_haun,Katie Haun,"Founder and CEO @HaunVentures. Alum @Coinbase Board, @a16z, @TheJusticeDept, @Stanford, @USSupremeCourt w/Justice Kennedy. Teach from time to time @StanfordGSB.",[],https://Haun.co,115392,786,0,857994826230374401,crypto,research; blog,2/2/26 0:00
kenchangh,ken,Working on space and hardware. former founder/engineer in crypto,[],https://kenchangh.com,7914,1714,0,1701685844,crypto,website,2/2/26 0:00
Kiojame_,Kiojame,The desire to write grows with writing.                               PoW⤵️,[],https://notion.so/KIOJAME-S-RESE…,4097,855,0,1307075276304769033,crypto,notion,2/2/26 0:00
knowerofmarkets,knower,keyboard warrior,[],https://knwr.io,69882,7431,0,1359201532810571779,crypto,website; research; blog,2/2/26 0:00
korpi87,korpi,"DeFi educator, a member of Degen Score Citadel and DeFi Omega.

https://t.co/b2515JNSdJ

Follow me for crypto-related topics.",https://lenster.xyz/u/korpi,https://bit.ly/korpi-Notion,31152,741,0,2375428142,crypto,notion,2/2/26 0:00
kylascan,Kyla Scanlon,"All decisions made on the basis of incoming data and the balance of risks | Author of ""In This Economy?” | KylaScanlonTeam@unitedtalent.com",[],https://kylascanlon.com,197211,990,0,2725104191,crypto,website; blog,2/2/26 0:00
LarkDavis,Lark Davis,"Entrepreneur & Bitcoin investor. Founder of The Inner Circle, the best Discord community in crypto! Tweets not financial advice.",[],https://whop.com/larkdavis/lark…,1460369,2377,0,30325257,crypto,whop,2/2/26 0:00
lazyvillager1,More Recently The Giver,MF PE investor sharing views cross-assets (crypto/eq/credit) | Key pieces in highlights | Comments =/= investment advice | Subscribe: https://t.co/M3ZJx4ZSnJ,['http://lazyvillager1.substack.com'],https://t.me/SamenessClub,43091,492,1516,1453470881510948864,crypto,"research, blog",2/2/26 0:00
litcapital,litquidity,founder @litquidityvc // newsletters @exec_sum & @cryptosum_ // @baincapvc scout // trade on polymarket: https://t.co/kXGzvIdxOS,[],https://litquidity.co,426761,1027,0,932630991298007041,crypto,blog,2/2/26 0:00
LogarithmicRex,Logarithmic Rex,The ticker is ETH   |   Host of @sigtheory,[],https://logrex.eth.limo,23240,106,0,1465205451826483202,crypto,website,2/2/26 0:00
LomahCrypto,Loma,@thehavencrypto ︴@twistthestudio ︴@egirl_capital,[],https://whop.com/thehaven/?a=lo…,323019,2074,0,995500158417711104,crypto,whop,2/2/26 0:00
LukaGrunt,Luka Grunt,Building. Shipping. Learning in public. 🟠,[],https://lukagrunt.com,8399,3608,0,1516470518232367111,crypto,website,2/2/26 0:00
LunaIfe2,Ms.Luna✨✍️,Product & Ops thinker ||Technical writer ✍️ || i ship bots and build clarity ||BD @fossapay ||Baddie at @Polybaddies💙,[],https://paint-adapter-c04.notion.site/LUNA-Work-Spac…,1471,735,0,1545137930385121284,crypto,notion,2/2/26 0:00
MacroAlf,Alf,Founder & CIO of Palinuro Capital | Founder of The Macro Compass: Institutional Macro Research,[],https://TheMacroCompass.com,463334,337,0,1344759366671589376,crypto,research,2/2/26 0:00
marcov_91,MarcoV,Blockchain Data Analyst ⛓️🔍,[],https://dune.com/Marcov,2452,1028,0,1144709557740089345,crypto,research,2/2/26 0:00
MariaShen,mariaa.eth 🐸,General Partner @ElectricCapital. Views my own. 🦇🔊,[],https://www.developerreport.com,27789,6698,864,27134030,crypto,"research, reports",2/2/26 0:00
mario_deblock,Mario,,[],https://mario.ventures,1937,1310,0,104152197,crypto,website,2/2/26 0:00
marvellousdefi,Marvellous | DeFi🕊️🌿,A chill alpha bird tweeting alphas as soon as it comes | Dm for collab ASAP  | TG: https://t.co/A1rxwkQg98 |,https://t.me/Marvedefi,https://ambitious-gong-9b7.notion.site/Marvellous-DeF…,10713,2598,0,1743699179677913097,crypto,notion,2/2/26 0:00
maybeltr,LTR,Professionally Curious Dog | Soli Deo Gloria | @Delphi_Digital | https://t.co/PmkP0iAJmR | https://t.co/zfuMnYzMf0,https://t.me/thedoggodigs,https://maybeltr.substack.com,38072,3232,0,1472312412443332608,crypto,blog,2/2/26 0:00
MFL_tw,M.F.L✺♦️,♦️crypto:thegame S1 winner ♦️ cryptogaming dreamer ♦️,[],https://boom-side-f43.notion.site/social-link-a3…,2661,7009,0,1156046022595903490,crypto,notion,2/2/26 0:00
michaelbeer01,Michael Beer,"@CrackedDevs, Prev $175m exit (founding eng)",[],https://michaelbeer.lol,13086,1943,0,1491440766522122242,crypto,website,2/2/26 0:00
micutxo,Michele,On Chain Analyst | DISCORD : https://t.co/YjKdBaGKZw,https://whop.com/wealthgroup/,https://whop.com/wealthgroup,20638,302,0,1007325467001618434,crypto,whop,2/2/26 0:00
Mirton70567512,zkMurton 🌞,"От хаосът правим форма! /// Also Elite @EigenTribe @eigenlayer
https://t.co/5arU09nSSl",https://farcaster.xyz/murton,https://balkancrypto.substack.com,301,2224,0,1294535873275604999,crypto,blog,2/2/26 0:00
misconfig_exe,@misconfig_exe,"Finding patterns that make profits 🏦💰
🧠 Project Advisor | 🏦 Small-Fund PM | Ex Cyber
💥 Partner @WebTrendCo
📈 Exclusive Analysis | Join Free via Link Below",[],https://whop.com/checkout/plan_…,39755,2542,0,4814159995,crypto,whop,2/2/26 0:00
molly0xFFF,Molly White,"crypto & tech industry researcher & critic at https://t.co/hb1tT2Q3bJ & @web3isgreat • software engineer • wikipedian

support my work: https://t.co/FPG3uvikH0",https://www.citationneeded.news/,https://mollywhite.net/linktree,123828,2093,0,545445165,crypto,research,2/2/26 0:00
MPtherealmvp,maria paula,shitposting-as-a-service. growth at @aave @lc / formerly co-founder @______jpg______ and @dod_berlin @ethberlin. Opinions my own.,[],https://mariapaula.net,16899,3586,0,969283042689863681,crypto,website,2/2/26 0:00
MrOziPM,mr.ozi,Founder @thepredictlab // Top 0.001% @polymarket trader // $400k profits in 1.5 years from a base of $15k // Focused on geopolitics,[],https://whop.com/predictlab-d5a…,1850,225,0,1849919884358021120,crypto,whop,2/2/26 0:00
mtmalinen,Tuomas Malinen,"Economist, forecaster, associate professor, CEO, PhD. Expert of financial crises and geopolitics. Newsletter: https://t.co/brrLzzBJqM",[],https://gnseconomics.substack.com,88567,4885,0,2433648180,crypto,blog,2/2/26 0:00
naval,Naval,Incompressible,[],https://nav.al,2982038,0,0,745273,crypto,research,2/2/26 0:00
nic_carter,nic carter,https://t.co/mQ5frnwUMV,https://murmurationstwo.substack.com/,https://niccarter.info,435357,3562,0,420308365,crypto,website; blog,2/2/26 0:00
nicksdjohnson,nick.eth,"Lead developer of ENS & Ethereum Foundation alum. Certified rat tickler. he/him.

bsky: https://t.co/RdZTUkWNq2
wc: https://t.co/nvP0lHPJqz",https://farcaster.xyz/nick.eth,https://blog.notdot.net,93765,892,0,34592834,crypto,blog,2/2/26 0:00
NightOwlCapital,Night Owl,"Crypto research, strategy & insights | Helping 45,000+ navigate the digital wild wild west at https://t.co/LHoQe5dQWQ | Ex: PE/IB",https://defieducation.substack.com/,https://defieducation.substack.com,29935,414,0,1396902243752873988,crypto,blog,2/2/26 0:00
NoahZinsmeister,Noah Zinsmeister,against eating animals and virtue signaling,[],https://noahzinsmeister.com,10313,989,0,1017917083827482624,crypto,website,2/2/26 0:00
noveleader,Noveleader 🏰,Researcher and Developer | Research @castle_labs | Prev Research @QuillAudits_AI @theBlock__ | Views are own,[],https://noveleader.xyz,753,920,0,1476396509524418560,crypto,website,2/2/26 0:00
ObadiaAlex,alex,@aria_research,[],https://alexobadia.com,9441,7486,0,712705562191011841,crypto,website,2/2/26 0:00
olamidde_,⍥lamide#@! . ♟,"DeFi-ing Somewhere ♟ || Turning onchain data into actionable insights ||
Prev: @WASD_0x @degenexpress69 @PoolsharkLabs @Fluid_protocol
Farmer-in-Chief: @ThePFH_",[],https://dune.com/halix/,1130,769,0,1175306184036954112,crypto,research,2/2/26 0:00
oliverwebr,Oliver Weber,making things go brr @Sensit_tech 🦀,[],https://oliverwebr.com,118,514,0,1110703568,crypto,website,2/2/26 0:00
onchaintimes,On Chain Times,"Crypto reports read by more than 12,000 investors",[],https://onchaintimes.com,1485,2,0,1810974404139999232,crypto,research; blog,2/2/26 0:00
Osint613,Open Source Intel,Monitoring Real-Time News & Open Source Intelligence • Middle East • US • Global Events • Geopolitics • Anything on my mind • Newsletter,[],https://…n-source-media-newsletter.beehiiv.com/subscribe,847241,848,0,1212783083272855552,crypto,blog; research,2/2/26 0:00
outputlayer,Outputlayer,Turning onchain data into growth insights | Custom dashboards & analytics | DMs open,[],https://dune.com/outputlayer,659,2209,0,1162011749580705794,crypto,research,2/2/26 0:00
PabloSabbatella,pablito.eth 🦇🔊 ♢,"Web3 Operational Security researcher 🥷
@_SEAL_Org member 🦭
@opsek_io founder 🕵
@SecuritySeries host 🎙️
We train and audit teams so they don't get hacked 🥷",[],https://pablosabbatella.com,82209,4004,0,189230702,crypto,website,2/2/26 0:00
parisrouz,Paris Rouzati,"quiet plug. vp marketing @aave. prev @ideovc, @slow.",[],https://parisrouzati.com,17872,688,0,244721230,crypto,website,2/2/26 0:00
patrickc,Patrick Collison,"@Stripe CEO, @ArcInstitute cofounder.",[],https://patrickcollison.com,597749,29,0,4939401,crypto,website,2/2/26 0:00
pdotal,Pedro (P.),Head of Ops @daedalus_angels | MSc Economics | 🦞 lobsterdao,[],https://dune.com/p_dot,998,1285,0,1283378359561576449,crypto,research,2/2/26 0:00
permabearXBT,PermabearXBT | TEAM $WOO |,✝️top 100 trader FTX | DM for mentoring | where I trade: https://t.co/hqZTGHcap0 |👇discord,https://blofin.com/en/invite/PermabearXBT,https://whop.com/permabearxbt-s…,22455,220,0,1387015274990379010,crypto,whop,2/2/26 0:00
pet3rpan_,Peter / ‘pet3rpan’,"0 → 1 

@1kxnetwork",[],https://pet3rpan.net,42378,2356,0,1001171600,crypto,website,2/2/26 0:00
PhilMrlo,Hix0n blocmates,Chronically online individual ⛓️ Alpha Aggregation / Crypto / DeFi / NFT /⛓️ Cooking daily blocmates Newsletter 👉 https://t.co/xQelIOKmSi,https://blocmates.beehiiv.com/,https://hix0n.substack.com,6210,3633,0,925663777542074368,crypto,blog,2/2/26 0:00
pierre_crypt0,Pierre,@TheHavenCrypto - NFA - just shitposting and sharing some thoughts about markets sometimes https://t.co/edH3I1EL0z,https://www.youtube.com/@pierre_crypt0,https://whop.com/thehaven/?a=pi…,207246,498,0,590134700,crypto,whop,2/2/26 0:00
poopmandefi,Poopman (💩🧱✨),"🐴 3 coffees no lunch

📕 Check Highlights for all my researches 

👨‍🍳 Prev @IOSGVC, Opinions are my own, PFP by @boldleonidas",[],https://poopmandefi.notion.site/f40bb05525124a…,33781,9945,0,1452603543093796871,crypto,notion,2/2/26 0:00
Prateek0x_,Prateek_0x,"Trenches Warrior, Crypto Degen 2017 batch. I love crypto, AI and rockets. My Trading Journal: https://t.co/NJZaqxmy1l TG: Prateek_0x",https://t.me/MusingMind,https://prateekj.substack.com,6322,2476,0,76292849,crypto,blog,2/2/26 0:00
profstonge,"Peter St Onge, Ph.D.","Daily Videos on Economics and Freedom. 
Economist @Heritage, former professor, ex-bartender.
Weekly Articles at https://t.co/kD3fDmtXws",https://www.profstonge.com/,https://profstonge.com,289117,12814,0,319495411,crypto,blog,2/2/26 0:00
programmer,erik.eth 🛡,"🛠️  Head of Eng @coinbasedev 
Prev head of eng @ourzora
Creator of https://t.co/IPSb3weTdk
Opinions my own.",https://www.x402.org/,https://erikreppel.com,12446,1699,0,342380311,crypto,website; interesting,2/2/26 0:00
rafathebuilder,rafa,NPC,[],https://rafael.fyi,18743,3020,0,38220375,crypto,website,2/2/26 0:00
rajkoshik,koshik.eth,"☕️ @brewitmoney

🔑 PGP: C4B9 729D B4AB 75BD",[],https://koshik.chat,1116,4565,0,91826016,crypto,website,2/2/26 0:00
redphonecrypto,redphone ☎️,Archivist-poet of acceleration. Helping crypto x AI startups tell their stories at @delphi_labs. Proposed BRC-20. Mbr @pleasrDAO ✨ https://t.co/QVtuTKUeHQ,https://zora.co/@redphone,https://redphone.substack.com,62185,7634,0,1257128739886051330,crypto,blog,2/2/26 0:00
rektGEMS,rektGEMS,"Low Cap, High Conviction
@_kitchenCap_ 👨🏻‍🍳
Prev. @NAVFinance_

Trade on Hyperliquid: https://t.co/Z83F9c2zKD",[],https://suntzu.substack.com,12522,1746,0,1429328665037312002,crypto,blog,2/2/26 0:00
RiceMaximalist,rice,tg channel: https://t.co/iDvrP0n7Ov AAAAAAAHHHH!!! at https://t.co/A4YOrHBGD7,https://bodl.xyz/,https://rice-daily.com,13069,9315,0,1332360417125883907,crypto,blog,2/2/26 0:00
rich_adul,Adul,Solar之家大使、zetachain中文大使 专注加密货币潜力标的挖掘;信息分析；YouTube万粉博主：https://t.co/uPz6ershNR,https://www.youtube.com/@coveym,https://notion.so/AD-2482cf7a8ea…,12406,4751,0,1285040356489416705,crypto,notion,2/2/26 0:00
rish_neynar,rish,i don't need caffeine,[],https://rish.org,2033,703,0,1344500081718939650,crypto,blog; notion,2/2/26 0:00
RNR_0,Romano,Working on @buildonvia •  https://t.co/NpR130JJba • https://t.co/5RpurZ7Mvd | @rainbetcom |  https://t.co/bQOgyIBcOz,https://docs.vianetwork.xyz/,https://romanornr.medium.com,155394,581,0,2199605117,crypto,blog,2/2/26 0:00
rphmeier,rphmeier,exploring,[],https://rob.tech,22910,693,0,774217808628645891,crypto,website,2/2/26 0:00
RubiksWeb3,ℝ𝕦𝕓𝕚𝕜𝕤,"Obsessed with the economic and development structure of every Web3 innovation.

Business: https://t.co/cRTjN4BYkm",https://t.me/RuHub121,https://notion.so/rubiksweb3/786…,7807,484,0,1490111929926434825,crypto,notion,2/2/26 0:00
Sam_Wb3,Sam,"Researching the what, why, and how behind narratives

Certified @Safaryclub",[],https://samweb3.notion.site/Sam-f6c6fff18f…,929,603,0,1574759134918066176,crypto,notion,2/2/26 0:00
Sch0fie1d,Schofield,Growth/Partnerships @HiveliveHQ | Writer & Marketing lead @Momentumxglobal,[],https://schofield.work,1299,1988,0,1136347466,crypto,website; research,2/2/26 0:00
senyor_kodama,Kodi,research @Syndica_io,[],https://dune.com/kodi2227,536,1299,0,1047113816193060865,crypto,research,2/2/26 0:00
sheeki03,Sheeki,yield farming | research @impossiblefi | ex @Lemniscap @Nethermind,[],https://bit.ly/sheeki-notion,666,276,0,581033253,crypto,notion,2/2/26 0:00
simonw,Simon Willison,"Creator @datasetteproj, co-creator Django. PSF board. Hangs out with @natbat. He/Him. Mastodon: https://t.co/t0MrmnJW0K Bsky: https://t.co/OnWIyhX4CH",https://fedi.simonwillison.net/@simon,https://simonwillison.net,131178,5599,0,12497,crypto,research,2/2/26 0:00
stacy_muur,Stacy Muur,"In Web3 since 2016. Ex CMO, (too) passionate about research & data. Founder @GREEND0TS. Telegram channel: https://t.co/d5Ioy4qbi8",https://t.me/muur_posts,https://stacymuur.substack.com,74622,1971,0,1562768344725344256,crypto,blog,2/2/26 0:00
StatefulWorks,Stateful Works,"Ethereum cultural artifacts! 

Delivery at Dawn | a 4844 film | https://t.co/js12t6JZUU
Dencun Diaries → https://t.co/kNIkW4xdDn",[],https://stateful.mirror.xyz/subscribe,3757,166,0,1321122997630107648,crypto,blog,2/2/26 0:00
Stoiiic,Stoic,"autistic sufferer. flow enjoyer
mech. e. iron lifter

Advisor @VestExchange
Building @ConvergeMarkets

@Trade_Aptitude
https://t.co/efeTExguTq",https://www.youtube.com/@TheStoicCapital,https://stoicsmusing.substack.com,53990,609,0,1507999314148302858,crypto,"blog, education",2/2/26 0:00
TaikiMaeda2,Taiki Maeda,"""The Humble Farmer” 🧑‍🌾 | Founder @HFAresearch 🐸 | Lad @0xSteadyLads 🌊 | Host @CryptoMarketWiz 🎙️ No ads/sponsors 🫡",[],http://youtube.com/@thehumblefarmer,112550,928,2577,1064421325186359296,crypto,"research, kol",2/2/26 0:00
Tanaka_L2,Tanaka,"Strategic Advisory | KOL Manager (500+ KOLs) | DeFi Creator

Amb: @SeiNetwork | @Mantle_Official | @ton_blockchain

Founder: @Kollab3dotcom

TG: https://t.co/xxYJcga00r",https://t.me/Tanaka_L2,https://kollab3.substack.com,41676,3025,0,1456891312230506496,crypto,blog,2/2/26 0:00
tatianatirzah,T Insight,"The market always whispers before it speaks. 
Called the 2021 top & 2022 bottom.  
Market Analyst at Bike4Sail Discord.
NFA",[],https://whop.com/discover/bike4…,330,12,0,1435747925796089858,crypto,whop,2/2/26 0:00
TeachingCrypto,Nite⚡,✝️ | TA | FA  | Algorithmic Trader | Building @Ez_Algo | Free Signals  ➡️ https://t.co/ljbw2UPrMw,https://t.me/Cryptonite_Alerts,https://whop.com/ez-algo/,77677,2362,0,891170454614003713,crypto,whop,2/2/26 0:00
theadvisorbtc,The Advisor.btc 🟧,"Your #1 Creator on Bitcoin L2s and BTCFi 
| Stacks Ecosystem Marketer 
| @safaryclub Member | @lombard_finance Ambassador 
| Tweets NFA",[],https://theadvisorbtc.notion.site/aboutme,5398,602,0,1431010278293049345,crypto,notion,2/2/26 0:00
thebigmehtaphor,Viraj Mehta,cofounder and cto @tensorzero. previously did a PhD at CMU doing sample efficient reinforcement learning for tokamaks and math and cs @stanford before that,[],https://virajm.com,671,501,0,501399140,crypto,website,2/2/26 0:00
TheDeFinvestor,The DeFi Investor 🔎,Crypto Analyst. Sharing DeFi updates and crypto strategies. Subscribe to my blog to stay on top of trends: https://t.co/qrKYXe3Uxo,['http://thedefinvestor.com'],https://www.thedefinvestor.com/,161666,2520,4345,1395365515779055616,crypto,"research, newsletter, picks, platform",2/2/26 0:00
TheFarrow,darrow.eth,"CEO, Engineer, ENS Delegator, Accredited Investor, Vision 2.0 Ambassador, Stock, NFT & Crypto Enthusiast! Show me the 💰 keep the FUD moving.✌",[],https://darrow.eth.xyz,3523,4385,0,80755095,crypto,website,2/2/26 0:00
TheGorillaLabs,Gorilla Labs,"An NFT-focused community for traders & collectors

Powered by tools, alerts & trusted callers

Founded by @CryptoGorillaYT ⤵️",[],https://whop.com/gorilla-labs,25030,1,0,1511142801769177097,crypto,whop,2/2/26 0:00
theRWAguy,theRWAguy,Moving Markets & Payment Rails Onchain | Founder of Tokenization Insight | Follow to learn & DM to partner | Content @OndoFinance,[],https://tokenizationinsight.com/weeklyresearch,4334,1818,0,1288430656482086912,crypto,research,2/2/26 0:00
theyisun,Yi Sun ⨇,@axiom_xyz,[],https://yisun.io,5012,269,0,804910728050339841,crypto,website; research,2/2/26 0:00
timjrobinson,Tim Robinson,"Head of Crypto Research @BlueYard. Building @TowerStormGame. Ex Dev @Balancer, @Aws. Write at https://t.co/cCSkIFnxF8 Tweets and Thoughts are my own",https://paragraph.com/@timjrobinson-2,https://timjrobinson.com,7165,2441,0,15352202,crypto,website; blog,2/2/26 0:00
tomhschmidt,Tom Schmidt ＞|＜,"Investing @dragonfly_xyz. Previously product @0xproject, ads product @facebook and @instagram. Vos debes periculum pro buccellatum.",[],https://tomhschmidt.com,39540,3638,0,239090734,crypto,website,2/2/26 0:00
tomwanhh,Tom Wan,head of data @entropyadvisors | prev. @21shares views are my own & NFA,[],https://dune.com/entropy_adviso…,16843,2001,645,1448644422380310537,crypto,research,2/2/26 0:00
TraderDraco,Dal,Shooter for @WealthGroup / @w00dsbot.,[],https://whop.com/wealthgroup/?a…,19465,229,0,3681463521,crypto,whop,2/2/26 0:00
Tradermayne,Mayne,@breakoutprop acquired by @krakenfx,[],https://whop.com/thehaven/?a=tr…,558035,3042,0,2446024556,crypto,whop,2/2/26 0:00
valuepick,Valuepick,"An investor in stocks for 30 years.Views are personal,not a SEBI registered R.A.Please consult a SEBI regd.analyst/advisor before investing .No paid service.",[],https://value-picks.blogspot.com,45090,31,0,158173116,crypto,blog; research,2/2/26 0:00
vegsurfer,veg.eth,"veg(an)surfer. hair, makeup and molotov mixing for @pussyrrriot",[],https://johnfcaldwell.com,3822,2932,0,1013873321627119616,crypto,website,2/2/26 0:00
vikaaaaaaaaas,Vikas Nair,"co-founder and product @openlayerco, prototyped futuristic ai-powered experiences @apple, @nyuniversity kid at heart",[],https://vikasnair.com,231,474,0,1277381928442683392,crypto,website,2/2/26 0:00
VincentB755,V,Founder of https://t.co/6AEn8Fd44T |,https://themacroinsider.substack.com/,https://themacroinsider.substack.com,6894,210,0,1405458586646495234,crypto,blog,2/2/26 0:00
web3melon,watermelon,"artist & wandering bozo;

@playgigaverse content creator",[],https://web3melon.notion.site/portfolio,3468,2315,0,1500647609652101122,crypto,notion,2/2/26 0:00
WHInspector,White Hat Inspector,"#OSINT, Geolocation, Cyber Security | #DailyOSINT | Support: https://t.co/bk2qdJDuxd | TraceLabs CTF Black Badge | https://t.co/i6jwJugpSj",https://github.com/WhiteHatInspector,https://whitehatinspector.blogspot.com,12312,193,0,1346916465174319108,crypto,blog,2/2/26 0:00
WinterSoldierxz,Winter Soldier ❄️🙋🏻‍♂️,"🦾 On-chain researcher with a S̶o̶v̶i̶e̶t̶ Wakanda metal arm
Golden Degen’s bodyguard",[],https://linktr.ee/0xwintersoldier,23390,1754,0,1579322612466884608,crypto,research,2/2/26 0:00
xxlmaj0r,The 𝕾𝖆𝖎𝖓𝖙,web3 • gambler • dev arc,[],https://my-portfolio-three-rho-75.vercel.app,3024,1487,0,1217552162395426818,crypto,website,2/2/26 0:00
yurukov,Boyan Yurukov,"Bulgarian, data nerd, transparency & open data advocate, fintech dev and a proud daddy. Opinions are my own. https://t.co/NWrDasJtB6",https://mastodon.green/@yurukov,https://yurukov.net/blog,10440,997,0,17178882,crypto,blog,2/2/26 0:00
Zeneca,Zeneca.xyz 🔮,Building the most valuable Newsletter in crypto (https://t.co/UXw0BYZ3rg) | Founder: @ZenAcademy @The333Club | Business Enquiries: @R3ACHNTWRK,https://www.zeneca.xyz/,https://docs.google.com/spreadsheets/d…,399950,13017,0,1370479673818427403,crypto,research,2/2/26 0:00
ZenZen_ZL,Zenzen,Design @moveindustries,[],https://zhen.lu,212,150,0,1771222427944775681,crypto,website,2/2/26 0:00
zerokn0wledge_,zerokn0wledge.hl 🪬✨,terminally online + onchain | co-founder @a1research__ and @steak_studio | head of digital assets at Aurum Advice | vibe coding DeAI maxi + hyperliquid ultra,[],https://linktr.ee/zerokn0wledge,26833,1205,0,1342923842675740672,crypto,research,2/2/26 0:00
zGuz,Zack Guzmán,Founder & Host @Coinage_media building onchain media @Trustless_media | Past: @YahooFinance @CNBC & @Harvard | $PLYBTN ▶️,[],https://linktr.ee/zguz,60972,5186,572,292565344,crypto,research,2/2/26 0:00
zmanian,zmanian,@iqlusioninc. @sommfinance. interoperable blockchains with @cosmos. smart contract for all with @agoric he/him. shape rotato,[],https://zaki.manian.org,49952,18292,0,7910872,crypto,website,2/2/26 0:00
ZssVAl,Voiced.🐻⛓️,"Researching| Content Enthusiast 
 I love Nfts| Data anaylst",[],https://linktr.ee/zssval,3329,3501,0,1066467699465879552,crypto,research,2/2/26 0:00
aakashgupta,Aakash Gupta,✍️ https://t.co/8fvSCtAXgi: $51K/mo 💼 https://t.co/hNxFPvj3v1: $31K/mo 🤝 https://t.co/SqC3jTyhav: $28K/mo 🎙️ https://t.co/fmB6Zf5n9X: $20K/mo,"['http://product-growth.com', 'http://sponsorpg.com', 'http://landpmjob.com', 'http://www.youtube.com/@growproduct']",https://www.product-growth.com/,154810,721,3323,101805159,ai,"pm, youtube, education, blog",2/2/26 0:00
adocomplete,Ado,"Community, Claude, Code at @AnthropicAI",[],https://adocomplete.com,20014,1440,400,440609049,ai,"website, blog",2/2/26 0:00
amankhan,Aman Khan,AI PM @arizeai ex @spotify @cruise @apple @ucberkeley,[],http://amank.ai,2634,724,59,448875137,ai,"pm, website, blog",2/2/26 0:00
avthars,Avthar,Obsessed with AI coding | I cover the best AI coding tools and how to get the most out of them | https://t.co/baKD644cyW,['https://www.youtube.com/@avtharai'],http://ainativebuilder.com,7336,5723,147,179837138,ai,"youtube, education",2/2/26 0:00
bcherny,Boris Cherny,Claude Code @anthropicai,[],https://borischerny.com,185679,128,1891,159337660,ai,blog,2/2/26 0:00
boringmarketer,The Boring Marketer,Automating marketing with AI workflows & agents. Building products & community. Get my Claude Skills: https://t.co/a6VnNvuSpX,['http://thevibemarketer.com/skills'],https://www.thevibemarketer.com,92244,276,1186,1620443590194348033,ai,vibe_coding,2/2/26 0:00
BrianNorgard,Norgard,"Ex-CPO Tinder, Norgard Capital, SpaceX/Lyft/Notion/AngelList/Airtable/eToro/StockTwits/Deel/StatMuse/DiDi/River/Alpaca/LiquidDeath/Sword/MySpace",[],,103904,1748,1657,9006952,ai,pm,2/2/26 0:00
carlvellotti,Carl Vellotti 🥞,I build epic resources and give them away for free 💸 To help you build amazing things with AI 🛠️ Advanced product & AI content + lots of memes 🤣 Sr PM,[],https://fullstackpm.com/subscribe,32742,632,585,1119248862814752768,ai,"pm, newsletter, education",2/2/26 0:00
d4m1n,Dan ⚡️,"I run 10+ startups on autopilot with AI・

1-shot entire websites (SEO, blog etc)
👉 https://t.co/SazZx8mMtN・

All work → https://t.co/H9HiLm5IxN・

Check my vids on YouTube ↓","['http://pageai.pro', 'http://mindrudan.com/startups']",https://www.youtube.com/@MorningMakerShow?sub_confirmation=1,30440,935,739,485131945,ai,"vibe_coding, youtube",2/2/26 0:00
dejavucoder,sankalp,"LLMs and shitposting
into crafting ai product and evals
dm open to talk on ai engineering/post-training",[],https://sankalp.bearblog.dev/featured/,23168,603,266,1446445479068241923,ai,blog,2/2/26 0:00
elliotarledge,Elliot Arledge,,[],https://elliotarledge.com,28997,0,141,18708003,ai,"website, youtube",2/2/26 0:00
iannuttall,Ian Nuttall,TLDR; I make software with AI and talk about it.  Serial internet biz builder with multiple 6 & 7 figure exits. Always learning.,[],https://ian.is/,75401,139,1165,9111552,ai,"ai, website, education",2/2/26 0:00
jasonfried,Jason Fried,"Started & runs 37signals (makers of Basecamp, HEY, and ONCE). Non-serial entrepreneur, serial author. DM or email me at jason@hey.com.",[],http://world.hey.com/jason,374303,234,10351,14372143,ai,"pm, website",2/2/26 0:00
justinkan,Justin Kan,"From the bottom to the top & back again. Co-founded @twitch, now working on making videos, https://t.co/J6efUJZmLI https://t.co/TLYT8YIKok @rye","['http://goat.vc', 'https://stash.gg/']",http://justinkan.komi.io,282770,2265,3511,28917111,ai,"pm, website",2/2/26 0:00
kepano,kepano,making @obsdmd,[],http://stephango.com,83305,2048,949,5778712,ai,"ai, website, blog",2/2/26 0:00
learnframer,Framer University,I share @framer tutorials & resources with you. Mastered Framer and I’ll show how you can do it too. Follow to learn everything about Framer.,[],https://frameruni.link/x,49683,763,324,1601345521150574592,ai,"platform, tools, vibe_coding, education",2/2/26 0:00
leeoxiang,Leo Xiang,"10年RTC音视频经验，目前在负责Voice + AI方向的云产品；

奶爸，正在教刚出生的小宝宝学习大模型；

https://t.co/SUN1RBaMRw",['https://realtimeai.dev/'],https://realtimeai.dev/,17199,857,260,148027226,ai,ai,2/2/26 0:00
lennysan,Lenny Rachitsky,"Deeply researched product, growth, and career advice",[],https://linktr.ee/lennyspodcast,293471,2695,4836,7958322,ai,"pm, youtube, education, blog",2/2/26 0:00
mattpocockuk,Matt Pocock,I teach devs for a living. Author of Total TypeScript and AI Hero. Ex-@vercel. Used to be a voice coach.,[],https://aihero.dev,230512,760,1842,346640777,ai,education,2/2/26 0:00
mckaywrigley,Mckay Wrigley,I build & teach AI stuff. Founder @TakeoffAI + @AgentShareAI. Come learn to use AI at https://t.co/oJ8PNoAutE.,['http://JoinTakeoff.com'],https://www.mckaywrigley.com,217960,382,4481,2786431437,ai,"website, education",2/2/26 0:00
mstockton,Matt Stockton,"Mostly tweeting LLM stuff. Working w/ companies to help them do AI and ML @ https://t.co/qiMxfhDjQZ. 
Writing thoughts here: https://t.co/9bwPmVQmib","['http://pragmanexus.com', 'http://mattstockton.com/writing.html']",http://mattstockton.com/writing.html,671,2238,28,18708003,ai,"ai, blog",2/2/26 0:00
nurijanian,George from 🕹prodmgmt.world,Think like Elite AI PMs • Daily product management skills with AI • Making a system for Product Management without so much guesswork ($99) 👇🏼,[],https://www.prodmgmt.world/products/product-bundle?utm_source=x&utm_medium=social&utm_campaign=bio,37563,1983,758,999056610063351808,ai,"pm, education",2/2/26 0:00
PawelHuryn,Paweł Huryn,"AI & Product Management | Author @ The Product Compass Newsletter | Join 125,000+ PMs: https://t.co/WYKbT0gY7S",['http://www.productcompass.pm'],https://www.productcompass.pm/,33456,326,688,1459767830623178755,ai,"pm, blog, education",2/2/26 0:00
petergyang,Peter Yang,I share extremely practical AI tutorials and interviews | Join 140K+ readers at https://t.co/XYKTmGVH14 | Product at Roblox,['http://creatoreconomy.so'],https://www.youtube.com/@peteryangyt?sub_confirmation=1,166072,2019,2431,84490044,ai,"ai, youtube, blog, education",2/2/26 0:00
rrhoover,Ryan Hoover,Founder of @ProductHunt. Investor at @WeekendFund. Say hi! 👋🏼,[],https://ryanhoover.me,318123,2285,5667,14417215,ai,"pm, website",2/2/26 0:00
rryssf_,Robert Youssef,"AI Automation Architect, Co-Founder @godofprompt",[],http://godofprompt.ai/subscribe,20542,7,295,1666103476945031168,ai,platform,2/2/26 0:00
sachinrekhi,Sachin Rekhi,"Helping product managers master their craft in the age of AI

✍️: https://t.co/bzcRbfIzEA
📺: https://t.co/Tzi1aUTCrs
🎓: https://t.co/YqEak8TSnW","['https://SachinRekhi.com', 'https://youtube.com/@TheSachinRekhi', 'https://Reforge.com']",http://www.sachinrekhi.com,30157,1516,1115,7234632,ai,"pm, website, youtube",2/2/26 0:00
Shpigford,Josh Pigford,✨ dabbler • 👨‍💻 @initialcommitco 🪀 @superfantoys ⏪ @usererun 🎨 @habitisdead • https://t.co/ls9Nxx5hgW,['https://joshpigford.com/projects'],https://joshpigford.com,57310,602,1107,626803,ai,"ai, website, blog",2/2/26 0:00
trq212,Thariq,"Claude Code @anthropicai.   prev YC W20, mit media lab. 

towards machines of loving grace",[],http://thariq.io,59113,1588,904,352806502,ai,"pm, website",2/2/26 0:00
xhfloz,XH,Your Internet Canvas 🎨 https://t.co/IglxP5mrM2 · 📢 @mmmdotpage,['http://mmm.page'],http://woolgather.sh/,7570,631,114,1360298161189707777,ai,"website, vibe_coder, blog",2/3/26 11:00