name,description,expanded_url,other_url,category,tag,screen_name,date_added
Alejandro Chavez,"A pro-level tool, to speed up your financial analysis, and help you visualize key performance indicators",http://VizualStocks.com,[],investing,"research, analytics",aletechview,2/2/26 0:00
Barchart,Financial Markets | Trading & Investing Tools | Charting | Stocks | Options | Futures | Commodities | Forex | News | & Much More,http://www.barchart.com,[],investing,"news, platform",Barchart,2/2/26 0:00
Barron's,"The world's premier investing publication since 1921.
For customer support, visit https://t.co/HkyUtq6BNr",https://www.barrons.com/,['https://on.barrons.com/3ipjxrP'],investing,"news, platform",barronsonline,2/2/26 0:00
Benzinga,"Financial News, Data & Education 💸",http://benzinga.com,[],investing,"news, platform",Benzinga,2/2/26 0:00
Bespoke,Bespoke Investment Group - Financial Markets Research.  Learn more here: https://t.co/cQM6mJs66O,https://www.bespokepremium.com/,['http://bespokepremium.com'],investing,research,bespokeinvest,2/2/26 0:00
Cluseau Investments,"Not Financial Advice

Insert extremely corny quote here",http://cluseau.com,[],investing,"blog, markets",blondesnmoney,2/2/26 0:00
BowTiedF'er - Chad Personal Finance,"The BEST personal finance advice - We will get you wealthier, smarter, and financial freedom - Real advice & you get treated like a high-IQ Adult",https://effsigive.substack.com/,[],investing,blog,BowTiedEffer,2/2/26 0:00
BraVoCycles Newsletter,Financial markets research| Cycles | Elliott Waves | TA | Free eBook: https://t.co/6IWQgpZRpB,https://bravocycles-newsletter-market-timing.beehiiv.com/,['https://bravocycles-newsletter-market-timing.beehiiv.com/c/1-year-us-stock-market-out'],investing,blog,BraVoCycles,2/2/26 0:00
Bravos Research,Data-driven Investment Research | Follow to learn about markets & global economy | Get swing trade ideas & market analysis at https://t.co/s4iOZprKNo,https://go.bravosresearch.com/X,['https://go.bravosresearch.com/X'],investing,"macro, research, newsletter",bravosresearch,2/2/26 0:00
Capitol Trades,"What's Trading On Capitol Hill? Senate or House, Republicans, Democrats, Stocks, Bonds, Crypto — 2iQ got you covered. 
Visit https://t.co/VaqMdVtT9J",https://www.capitoltrades.com,['http://capitoltrades.com'],investing,"research, analytics, platform",capitol2iq,2/2/26 0:00
Carbon Finance,📊 Investing Visuals & Market Commentary,http://www.carbonfinance.io/subscribe,[],investing,newsletter,carbonfinancex,2/2/26 0:00
Citrini,"Thematic, Cross-Asset Investment Research",https://www.citriniresearch.com,[],investing,"research, newsletter",Citrini7,2/2/26 0:00
Citron Research,"Citron Research | Since 2001, delivering bold market analysis & investment insights. Led by Andrew Left, empowering informed financial decisions worldwide.",http://citronresearch.com,[],investing,"research, newsletter",CitronResearch,2/2/26 0:00
Compounding Dividends,"🏰 Dividend Growth Investing
📚 One Dividend At A Time
🎓 Dividend Expert: TJ",http://www.compoundingdividends.net,[],investing,blog,CompoundingW,2/2/26 0:00
Consensus Media,Often sarcastic / satirical. Trading commentary? Treat it as my opinion for the day and no longer than that. Do your own diligence.,http://earnings-edge.com,[],investing,blog,ConsensusGurus,2/2/26 0:00
Curzio Research,CURZ Financial newsletter publisher #stocks #crypto #metaverse @FrankCurzio Wall Street Unplugged #podcast #TheMetaverseMovie #WallStreet network,https://www.curzioresearch.com/,[],investing,"research, newsletter, picks",CurzioResearch,2/2/26 0:00
The Daily Reckoning,"Contrarian ideas, biting market analysis. Gold, silver, alternative investments. Sign up for free here: https://t.co/N0DPMm086K",https://dailyreckoning.com/,['https://dailyreckoning.com/free-newsletters/'],investing,"news, metals, platform",DailyReckoning,2/2/26 0:00
Undervalued Assets,Not investment advice. Reports featured daily in @TheTradeXchange. 📡 https://t.co/AbBV8fjOQq,https://lukas-newsletter-a54116.beehiiv.com/,['http://lukas-newsletter.beehiiv.com/'],investing,"research, newsletter, macro",DecodeTheSignal,2/2/26 0:00
Devoted Dividend Investor,"33 | ~ $9,600 Monthly Dividend Income | Self Made Multi-Millionaire | ❌NFA❌ Learn How I Went From $0 - $9,800 Per Month https://t.co/PXGbkWw1Ne",https://youtu.be/a_RM-wzt4QA?si=nwws34NiyePDUcKZ,['http://DividendInvesting.co'],investing,youtube,DevotedDividend,2/2/26 0:00
Dilution Tracker,"Small cap dilution tracker web app

Trusted by $1B+ AUM HFs and new traders alike

Get your free account today 🎉 Tweets not investment advice",https://dilutiontracker.com,[],investing,"research, analytics",DilutionTracker,2/2/26 0:00
Dividend Growth Investor,"Dividend Growth Investor

Long Term Investor focusing on Dividend Growth Stocks

Dividend Growth Investor Newsletter https://t.co/QJMQchmXZs",https://www.dividendgrowthinvestor.org/,['https://www.dividendgrowthinvestor.org/'],investing,newsletter,DividendGrowth,2/2/26 0:00
Doomberg,"Account no longer active, as explained here:
https://t.co/eS3eVGe4jE
All other green chickens are impostors. 
DMs checked infrequently.",http://doomberg.substack.com/about,['https://doomberg.substack.com/p/notes-on-x'],investing,"research, newsletter",DoombergT,2/2/26 0:00
Doublewide Capital LLC,"Full time ES Trader. Professional loss taker. BBQ addict. All the gods, all the heavens, all the hells, are within you. $ES #BBQ",https://doublewidecapital.substack.com/,[],investing,blog,DoubleWideCap,2/2/26 0:00
Leo - DRIPCalc / YMTracker,"Creator of DRIP calculators at https://t.co/66LvuQtfUy
YieldMax PNL Tracker: https://t.co/1XHUSWlSqx
Follow on YouTube: https://t.co/0FUcizb6ic",https://www.dripcalc.com/,"['https://DripCalc.com/', 'https://www.dripcalc.com/ymtracker/', 'https://youtube.com/@dripcalc']",investing,"youtube, dividends, platform, tools",DripCalc,2/2/26 0:00
The Dutch Investors 🦁,"We help you expand your investing universe! Join 4,000+ like-minded investors ⬇️",https://thedutchinvestors.substack.com/,[],investing,blog,DutchInvestors,2/2/26 0:00
Earnings Hub,"Free Earnings Calendar, Analyst Expectations, Actual Results, Earnings Calls and much more. The Ultimate Earnings Calendar: https://t.co/MEubmLegBN",https://EarningsHub.com,['https://earningshub.com'],investing,"research, analytics",EarningsHubHQ,2/2/26 0:00
App Economy Insights,"• App Economy investor
• French in Silicon Valley
• Gaming industry veteran
• Previously @PwC & @BandaiNamcoUS 
• 250K+ read my newsletter How They Make Money",https://www.appeconomyinsights.com/,[],investing,newsletter,EconomyApp,2/2/26 0:00
Eliant Capital,L/S Equities | Macro & Event Driven Trader | Finding Exploits Within the Markets | Never Financial Advice,http://eliantcapital.com,[],investing,"blog, macro",eliant_capital,2/2/26 0:00
Finding Compounders,Life Long Learning   | Contact: findingcompounders@gmail.com,http://fcompounders.substack.com,[],investing,"blog, education",F_Compounders,2/2/26 0:00
Fiscal.ai,"The future of investment research is here. Fundamental research platform for global equities.  High quality financial data, available instantly.",http://Fiscal.ai,[],investing,"research, analytics, platform",fiscal_ai,2/2/26 0:00
From Growth To Value,"Founder of Potential Multibaggers & Best Anchor Stocks

Finding winners early. $SHOP $7.78, $NET $39, $CRWD $98 etc.

I help you stay calm when everyone panics.",https://www.potentialmultibaggers.com/,[],investing,blog,FromValue,2/2/26 0:00
Dennis Gartman News,This is a fan blog tracking the famous investor Dennis Gartman with his quotes and public appearances.,http://dennisgartman.blogspot.com,[],investing,"blog, newsletter",GartmanBlog,2/2/26 0:00
"GeoInvesting, LLC.","Microcaps, Earnings Matter, CEO interviews, Research, Model portfolios, Morning update emails, Weekly summary newsletter https://t.co/v2XpLa38Kz",https://geoinvesting.com/free-trial,['http://geoinvesting.com/geowire'],investing,newsletter,GeoInvesting,2/2/26 0:00
Global Markets Investor,"Investment, Equity (on Wall Street), Macro Research background. ~10 years markets experience, supporting investors in succeeding. Join 7000+ FREE subscribers",https://globalmarketsinvestor.beehiiv.com/,[],investing,"research, newsletter, macro",GlobalMktObserv,2/2/26 0:00
GoldSilver HQ,"Monetary Reset | Silver Squeeze | Mining Stocks 

🥈Get latest Silver Stocks Report: https://t.co/5rppJE4pt1

Posts are opinions, not personal advice.",http://GoldenAgeStocks.com,['http://GoldenAgeStocks.com'],investing,"metal, newsletter",GoldSilverHQ,2/2/26 0:00
Gold Telegraph ⚡,"Gold, Silver, Crypto, Commodities, News, Macro, Commentary, and The Unmasking of Economic Truths. 🌍",http://goldtelegraph.com/,[],investing,"news, research, platform, metals",GoldTelegraph_,2/2/26 0:00
Gordon 🐂,Making Millions in web3 but can’t leave the casino. Founder of @crypto_crib_ and invest in real estate 🏡 💰NFA,http://cryptocrib.substack.com,[],investing,blog,GordonGekko,2/2/26 0:00
GSElevator,Things heard in the Goldman Sachs elevators (Wall Street) do not stay in the elevators.,http://the-graze.com,[],investing,blog,GSElevator,2/2/26 0:00
GuruFocus,"GuruFocus: Essential data for over 1 million stock investors worldwide. Access insights from 130,000+ public companies. Invest smarter.",http://www.GuruFocus.com/,[],investing,"research, analytics",gurufocus,2/2/26 0:00
Investors.com,Investor's Business Daily is guiding investors of all experience levels through the stock market using time-tested strategies and actionable insights.,http://www.investors.com/gettingstarted,[],investing,"news, platform",IBDinvestors,2/2/26 0:00
InsideArbitrage,Event-driven platform focusing on Special Situations,http://www.insidearbitrage.com,[],investing,"metals, analytics",InsideArbitrage,2/2/26 0:00
Investing.com,🎆 NEW YEAR'S SALE: 55% OFF ALL PLANS 👉https://t.co/WvAMcbOXmF,https://www.investing.com,['http://www.investing.com/pro/pricing?utm_source=Twitter&utm_medium=social&utm_campaign=glops_www_official_account'],investing,"news, platform",Investingcom,2/2/26 0:00
Yellowbrick Investing,The best source of market-beating stock pitches in the world at https://t.co/TnE1hsXWqj,https://joinyellowbrick.com,['https://joinyellowbrick.com'],investing,"research, analytics",joinyellowbrick,2/2/26 0:00
Katusa Research,"Original ideas, analysis and market research. Founded by @marinkatusa. Not investment advice.",http://www.katusaresearch.com,[],investing,"research, platform, newsletter, picks",KatusaResearch,2/2/26 0:00
The Kobeissi Letter,"Official X account for The Kobeissi Letter, an industry leading commentary on the global capital markets. Email us: support@thekobeissiletter.com",http://thekobeissiletter.com/subscribe,[],investing,newsletter,KobeissiLetter,2/2/26 0:00
Lycanbull,Stock News - Data sourced from https://t.co/veB19sA7py,,['https://www.stocktitan.net/news/live.html'],investing,news,Lycanbull,2/2/26 0:00
Macro Charts,"30 years in markets. ex-Fund Manager, now independent.
Focus on BIG trends, actionable ideas, and execution.",https://www.macrocharts.com,[],investing,blog,MacroCharts,2/2/26 0:00
MicroCapClub,MicroCapClub is a global community of microcap investors / 1500+ global microcaps profiled / 300+ multi baggers / 234 acquired / 10+ New Profiles Per Month,https://microcapclub.com/join-now/,[],investing,"newsletter, discord",MicroCapClub,2/2/26 0:00
Nikkei Asia,"The latest headlines from Nikkei Asia. 
Sign up for our newsletters: https://t.co/qUtJViCHmb  

Follow our journalists here: https://t.co/Y1vHImzwy1",https://asia.nikkei.com,"['http://s.nikkei.com/NAnewsletters', 'http://s.nikkei.com/AsiaStaff']",investing,newsletter,NikkeiAsia,2/2/26 0:00
Open Outcrier,"Real-time stock & option trading headlines, breaking news, rumors and strategy. Nothing we post constitutes investment advice; we may have positions in markets",http://openoutcrier.com,[],investing,news,OpenOutcrier,2/2/26 0:00
Option Bulls,The Official Leading Trading Service In The Industry! Take Your Trading To The Next Level🚀https://t.co/S2gZ5ZfQXo| #JoinTheBulls,https://www.paypal.com/cgi-bin/webscr?cmd=_s-xclick&hosted_button_id=248VU4E47ZLME,['https://discord.gg/eRNkg97'],investing,discord,OptionBulls,2/2/26 0:00
PiQ,News | Insight | Opinion • Breaking News Platform → https://t.co/VmD0voJnlH • News Feed → @PiQNewswire • News Recap Substack → https://t.co/yddlMO7Ynr,http://PiQSuite.com,"['http://app.PiQSuite.com', 'http://open.substack.com/pub/piqsuite']",investing,blog,PiQSuite,2/2/26 0:00
PitchBook,The leading private capital market intelligence platform,http://pitchbook.com,[],investing,"research, analytics",PitchBook,2/2/26 0:00
Michael Green,"Chief Strategist Simplify Asset Management | PM of top ranked high yield ETF, $CDX. Not investment advice",https://www.yesigiveafig.com/,[],investing,blog,profplum99,2/2/26 0:00
Compounding Quality,🏰 Quality Stocks 🧑‍💼 Former Professional Investor  ➡️ Teaching people about investing on our website.,https://www.compoundingquality.net/,[],investing,blog,QCompounding,2/2/26 0:00
Quality Stocks,Learn. Improve. Profit,https://qualitystocks.substack.com/,[],investing,blog,Quality_stocksA,2/2/26 0:00
Quality Equities,Investing in a concentrated portfolio of the highest quality companies in the world. All opinions my own. Not financial advice.,https://qualityequities.substack.com/,[],investing,blog,qualityequities,2/2/26 0:00
The Quantum Bull,https://t.co/bkYyzJHUc8 https://t.co/Jo6D13MlO7,https://youtube.com/@thequantumbull,"['https://youtube.com/@thequantumbull?si=yhI7SSOi7oxMSplC', 'http://www.thequantumbull.com']",investing,"youtube, computing",QuantumBullHQ,2/2/26 0:00
Quartr,Increasing efficiency and precision in qualitative public market research.,http://go.quartr.com/bio,[],investing,"research, analytics",Quartr_App,2/2/26 0:00
Quiver Quantitative,"Bridging the information gap between Main Street and Wall Street.

Disclaimer: https://t.co/dIbqx0Q4fW",https://www.quiverquant.com/,['http://bit.ly/3x6Waw9'],investing,platform,QuiverQuant,2/2/26 0:00
Restructuring__,"Founder of Pari Passu, research firm that provides all-encompassing coverage of the most consequential restructuring transactions. Join our free email list!",http://restructuringnewsletter.com,[],investing,newsletter,Restructuring__,2/2/26 0:00
Rittenhouse Research,"Software, digital infrastructure, fintech, crypto.",https://rittenhouseresearch.substack.com/,[],investing,blog,RHouseResearch,2/2/26 0:00
Rock Bottom Entries,"Commodities | Asymmetric Trade & Investment Ideas | #Gold, #Silver, #Lithium, #Uranium, & #Agriculture. Top #100 on Substack | Opinions only, NFA.",https://rockbottomentries.substack.com,[],investing,"blog, metals",RockBtmEntries,2/2/26 0:00
Modern_Investing,"""My edge wasn’t brilliance — it was obsession. I logged every game and annotated every loss"" — Victor Niederhoffer",https://moderninvesting.substack.com/,[],investing,"blog, markets",Secrets4stocks,2/2/26 0:00
Simeon Research,Mostly Small and Mid caps | Trying to find unique and under-looked ideas worldwide,https://simeoncapitalsr.substack.com,[],investing,blog,SimeonResearch_,2/2/26 0:00
SmallCapsDaily,Smallcaps News and Smallcaps Research. We cover all things Smallcaps.,https://smallcapsdaily.com,[],investing,news,SmallCapsDaily,2/2/26 0:00
Special Situations 🌐 Research Newsletter (Jay),"Managed $2B+ at Goldman. Education/Ideas: M&A Arb, Value+Catalyst, Growth, CEFs, REITs, Prefs, SPACs, Bonds, BK/Distressed. Discord team: https://t.co/Ix6dovncRx",http://specialsitsresearch.com,['http://discord.gg/XH3EUcqwsW'],investing,"newsletter, discord",SpecialSitsNews,2/2/26 0:00
Sprott Money,"The most trusted name in precious metals. 15+ years of experience. 

Our content is not intended to provide investment/financial advice.",https://linktr.ee/sprottmoney,[],investing,"broker, metals",SprottMoney,2/2/26 0:00
Stansberry Research,"World-class investment research since 1999. 

Stock Rating System 📈: https://t.co/TpxFx55T0G",https://stansberryresearch.com/,['http://sbry.media/410M92K'],investing,"research, newsletter",Stansberry,2/2/26 0:00
StockOpine,Long-term stock investing | Fundamental analysis | Earnings Reviews | Not an investment advice,https://www.stockopine.com,[],investing,blog,Stock_Opine,2/2/26 0:00
Edwin Dorsey,Exposing bad companies. Author @BearCaveEmail & @IdeaBrunchEmail. Founder @StockPromoData. Email: edwin@585research.com,https://thebearcave.substack.com/,[],investing,blog,StockJabber,2/2/26 0:00
Stock Talk,AHEAD OF THE HERD ™ | See our full portfolio and all live entries/exits at https://t.co/nPDCUmGbv2,http://www.whop.com/stocktalk,['http://whop.com/stocktalk'],investing,whop,stocktalkweekly,2/2/26 0:00
Bitcoin Asset Research,"Cogent research for investing on a Bitcoin Standard
https://t.co/99FRQNepCv",https://www.youtube.com/@bitcoin-asset-research,['https://seekingalpha.com/author/stony-chambers-asset-research'],investing,youtube,stonychambers,2/2/26 0:00
Streetinsider.com,For real-time alerts and much more sign up for SI Premium. Free Trial here https://t.co/ZLGuDA2WX8,http://www.streetinsider.com/,['https://try.streetinsider.com/task-check/'],investing,"news, platform, research",Street_Insider,2/2/26 0:00
The Energy Report,"The Energy Report, by Streetwise Reports, features the leading investment coverage of fossil, nuclear & renewable energies & fertilizers.",http://www.theenergyreport.com/,[],investing,"research, energy",SWEnergyReport,2/2/26 0:00
Tech Fund,"Former PM at major fund. Long term tech investor & software engineer. Join our newsletter with 14,000+ subscribers – https://t.co/wnqyNcDDq4",http://techinvestments.io,['http://techinvestments.io'],investing,"blog, ai_infrastructure",techfund1,2/2/26 0:00
TF Metals Report,"Turd Ferguson is NOT a soothsayer, a psychic or a witch. After all these years, he simply has a decent handle on the gold and silver markets.",http://www.tfmetalsreport.com,[],investing,"podcast, metals",TFMetals,2/2/26 0:00
Tiger Financial,"Tiger Financial News Network - Educating Investors since 1994 

Get answers to your trading questions LIVE! 1-877-927-6648

https://t.co/3CadiOVLfn",http://bit.ly/Tiger-TV,['http://TFNN.com'],investing,"research, newsletter, picks",TFNN,2/2/26 0:00
Thegptportfolio,"A community project to see how AI can invest

Run in partnership with Dr. @alejandroll10 PhD from Wharton

$40M+ invested alongside via @joinautopilot_",https://payments.joinautopilot.com/gift,[],investing,funds,thegptinvestor,2/2/26 0:00
The Transcript,We write a weekly newsletter of quality quotes from Earnings Calls | Editor: @Skrisiloff | Lead Author: @ekmokaya | Publisher: @Avondaleam |,http://thetranscript.substack.com/subscribe,[],investing,blog,TheTranscript_,2/2/26 0:00
Transhumanica Research,"Independent research of civilization-changing companies: 🦑 $KRKNF / $PNG.V, $ASTS, $SATS

Not financial advice. View full Terms and Disclaimer on our website.",http://www.transhumanica.com,[],investing,"research, robotics",transhumanica,2/2/26 0:00
TheStreet Banking,"The latest banking and financial services news. Tracking developments in regulation, litigation, mortgages, insider trading and more cc: @TheStreet",https://www.thestreet.com/banking,[],investing,"news, platform",TSTbanking,2/2/26 0:00
TheStreet Energy,"News affecting energy, industrials & commodities from @TheStreet. Includes trends, market analysis and analyst ratings, as well as M&A.",http://www.thestreet.com/,[],investing,"news, platform, metals",TSTEnergy,2/2/26 0:00
Matthew Tuttle,"The Formula Wall Street Doesn't Want You To Know.  To Subscribe to The Daily H.E.A.T. https://t.co/GSxIMmAkwg 

https://t.co/00bHz5dxEc",http://tuttlecap.com,"['https://theheatformula.beehiiv.com/subscribe', 'https://bit.ly/tcmdiscl']",investing,newsletter,TuttleCapital,2/2/26 0:00
unusual_whales,"Stocks/Options/Crypto/Market News/Tools. Not advice

@Polymarket partner

Open a tastytrade account: https://t.co/wGf2ZdlXpw
Discord: https://t.co/0xJ9e0ZYYG
More: https://t.co/nsxZlPV0pC",https://unusualwhales.com,"['http://bit.ly/4ayctTD', 'http://bit.ly/3Bf2pNJ', 'http://bit.ly/3V8D6Gb']",investing,"analytics, platform",unusual_whales,2/2/26 0:00
SEC Filings Digest,"AI-summarized SEC 8-K updates. Summaries may miss details, do check the filing links for full context. For real-time updates, visit: https://t.co/rTtD1qcTbe.",https://stockinsights.ai,['http://stockinsights.ai'],investing,"research, analytics",USCorpFilings,2/2/26 0:00
Valuations,Even if I miss I can’t miss.,https://valuations.substack.com,[],investing,"blog, education",valuations_,2/2/26 0:00
Value Research,"Helping you invest wisely since 1990. The trusted source of independent investment research, ratings, tools, mutual fund and stock information.",https://www.valueresearchonline.com,[],investing,"research, platform, tools",ValueResearch,2/2/26 0:00
Value SnapShot,Know What Your Stocks Are Worth l AI-Powered Stock Analysis l Run Projections: Valuation Analyzers l Financial Charts l Compare Tools,http://valuesnapshot.io,[],investing,"research, analytics, platform",ValueSnapShotio,2/2/26 0:00
Variant Perception,Use a radar. Not a crystal ball.,https://www.variantperception.com/,[],investing,research,VrntPerception,2/2/26 0:00
Wealthmatica,"Stock Writer, Interviewer, and YouTuber. Mr. $ZETA Substack: https://t.co/kpcTkuB4I8",https://getblossom.onelink.me/SOfu/wealthmatica,['http://wealthmatica.substack.com'],investing,blog,wealthmatica,2/2/26 0:00
Whale Alert,Live reporting on large and interesting #blockchain transactions as they happen. Create your own alerts for over 100 coins on https://t.co/wQEfstUfLm,https://whale-alert.io,['https://whale-alert.io/alerts.html'],investing,"research, analytics, platform",whale_alert,2/2/26 0:00
whalewisdom,The best 13F Hedge Fund Tracking around,http://whalewisdom.com,[],investing,"research, analytics",whalewisdom,2/2/26 0:00
WSJ Live Journalism,"Live interviews, experiences and events from the @wsj newsroom",http://www.wsj.com,[],investing,"news, platform",WSJLive,2/2/26 0:00
Coindix,"Today’s best vaults on the DeFi. Monitoring +10,000 vaults on 63 protocols through 27 chains. Website: https://t.co/6XcLJpF5j4",https://www.coindix.com,['https://coindix.com'],crypto,"platform, tools, analytics",0xNanoly,2/2/26 0:00
0xResearch,"Welcome to the show. 

Hosted by @salveboccaccio & @defi_kay_.

Podcast by @BlockworksRes.",https://0xresearch.carrd.co,[],crypto,research,0xResearch,2/2/26 0:00
10x Research,"Where Investors Gain Their Edge — Before Everyone Else. You shouldn’t trade blind. With https://t.co/cKkpDhh0du, you won’t. Smart traders rely on our research.",https://update.10xresearch.com,https://10xresearch.com/,crypto,research,10x_Research,2/2/26 0:00
Dexu AI,"Find trends early. 

Quantifying the attention economy. AI-driven social analytics platform",https://dexu.ai/,[],crypto,"research, analytics, platform",_dexuai,2/2/26 0:00
A1 Research,Research | Data Analytics | Advisory,https://a1research.io,[],crypto,research,a1research__,2/2/26 0:00
Accelerate Labs,"Thesis Driven Web3 Research & Dev.

Building @funnel_markets
HyperEVM Bubblemaps @ https://t.co/IQ2HyJlILz",https://acc8.xyz,[],crypto,research,acc8_labs,2/2/26 0:00
adreon,,http://adreon.ai,[],crypto,research,adreondotai,2/2/26 0:00
Ed | AirdropGlideApp,"Ed: Founder of https://t.co/c8bobt3YMP |
Tracking every airdrop and the best DeFi strategies!",https://linktr.ee/airdropglideapp,https://airdropglideapp.io/,crypto,interesting,AirdropGlideApp,2/2/26 0:00
Alea Research,"Objective analysis for sophisticated capital allocators. Helping protocols with strategic positioning.

https://t.co/DFYzbB3Eap",https://linktr.ee/AleaResearch,['https://alearesearch.io/research'],crypto,"research, reports",AleaResearch,2/2/26 0:00
"AlphaScan AI (🎯,🚀)","AI-powered DeFi Sentiment Analytics & KOL Tracking powered by $ASCN.

Staking → https://t.co/AtqKo6fRpG
Docs → https://t.co/KgXwN4RGRD",https://app.alphascan.xyz,"['https://staking.alphascan.xyz', 'https://alphascan.gitbook.io/']",crypto,"platform, tools, analytics",alphascan_xyz,2/2/26 0:00
Animoca Brands Research,Empowering Web3 with data-driven insights. Research by Animoca Brands @animocabrands,https://research.animocabrands.com/,[],crypto,"research, reports",animocaresearch,2/2/26 0:00
Arkham,Trade with Intelligence 🔎 | Cryptocurrency Exchange & Blockchain Analytics Platform | Earn up to $100 in rewards for registering.,https://arkm.com,[],crypto,"platform, tools, analytics",arkham,2/2/26 0:00
Artemis,"Metrics that matter for digital assets, DATs, fintech and stablecoins. Trusted by Visa, Grayscale, VanEck, WisdomTree, and Pantera.",http://app.artemisanalytics.com,[],crypto,"research, analytics, platform",artemis,2/2/26 0:00
ASXN,"Boutique Digital Assets Research, Infrastructure and Validators | @asxnlabs",https://www.asxn.xyz/,[],crypto,research,asxn_r,2/2/26 0:00
Binance Research,"Providing institutional-grade analysis, in-depth insights, and unbiased information to all participants in the digital asset industry.

https://t.co/ljTYqlhepa",https://research.binance.com/,['http://t.me/BinanceResearch'],crypto,"research, reports",BinanceResearch,2/2/26 0:00
Block Analitica,"The risk team behind the USDS (DAI) stablecoin.

DeFi risk curation and management services since 2019.",https://blockanalitica.com/,['https://blockanalitica.substack.com/'],crypto,"research, analytics",BlockAnalitica,2/2/26 0:00
Block Scholes,"Institutional-grade crypto analytics, data and research for digital assets.
Next-gen intelligence for next-gen markets.

https://t.co/wF9Ro8W6J5
https://t.co/nTrHauS2bR",https://www.blockscholes.com/,"['http://t.me/blockscholes', 'http://docs.blockscholes.com']",crypto,"research, analytics, platform, reports",BlockScholes,2/2/26 0:00
Blockworks Research,"The best research, data, and governance insights all in one place.",https://blockworks.co/get-research/,[],crypto,"research, reports",blockworksres,2/2/26 0:00
Bubblemaps,The leading visual analytics platform for onchain trading and investigations – powered by $BMT → https://t.co/SZRDmmCXzc,https://bubblemaps.io/,['http://intel.bubblemaps.io'],crypto,"platform, tools, analytics",bubblemaps,2/2/26 0:00
CherryPick,"On-chain & financial metrics, charts, data for #altcoin | All tweets are not financial advices",https://cherry-pick.xyz,[],crypto,"platform, tools, analytics",cherrypick_xyz,2/2/26 0:00
Cyprx Research Lab Official,"Frank Head of Cyprx Research Lab | Exclusive insights on Blockchain, Geopolitics, Web3 & DeFi | Join us in exploring the future of finance & technology!",https://www.cyprxtrading.com/,[],crypto,research,CyprxResearch,2/2/26 0:00
DeBank,"Your go-to portfolio tracker for Ethereum and EVM

DM: https://t.co/puNWk5uUBM",https://DeBank.com,['http://debank.com/hi/0a110133'],crypto,"platform, tools, analytics",DeBankDeFi,2/2/26 0:00
DCo,"Buying the bottom and drafting narratives. 

Working with @orogoldapp @SemiLiquidx @SuperGamingNPC 
@AcreBTC @velo_xyz @TheGridData @Qiro_Finance @showdown_gg",https://Decentralised.co,[],crypto,"research, blog",Decentralisedco,2/2/26 0:00
DefiLlama.com,"Open and transparent DeFi analytics. @DLNews for news

For support: https://t.co/skXWYXnpK4",https://defillama.com/,['http://defillama.com/support'],crypto,"research, analytics, platform",DefiLlama,2/2/26 0:00
Delphi Digital,A research-driven firm dedicated to making crypto happen sooner and better than it would without us.,https://linktr.ee/Delphi_Digital,[],crypto,research,Delphi_Digital,2/2/26 0:00
Delphi Intelligence,"Deep research spanning AI, robotics, and adjacent technologies.",http://delphiintelligence.io/,[],crypto,research,delphi_intel,2/2/26 0:00
DexCheck AI,"Web3 data infrastructure and on-chain analytics tools, powered by the $DCK token. 🦉Incubated by @Chain_GPT https://t.co/8qEsWSjphk",https://dexcheck.ai,https://t.me/dexcheck,crypto,interesting,DexCheck_io,2/2/26 0:00
DEX Screener,Realtime DEX analytics,https://dexscreener.com,[],crypto,"platform, tools, analytics",dexscreener,2/2/26 0:00
DL Research,"Crypto native research, branding and analytics.  Powered by @defillama @dlnews

TG newsfeed: https://t.co/rObOsxiuKD

DMs open!",https://dlnews.com/research/,https://t.me/dl_research,crypto,research,dl_research,2/2/26 0:00
Doomberg,"Account no longer active, as explained here:
https://t.co/eS3eVGe4jE
All other green chickens are impostors. 
DMs checked infrequently.",https://doomberg.substack.com/about,https://newsletter.doomberg.com/p/notes-on-x,investing,newsletter,DoombergT,2/2/26 0:00
Dune | We Are Hiring!,"📊 The onchain data platform. 

Making crypto data accessible. Start here: https://t.co/Y2KEzZ78BM 

Dune for Devs @DuneSim",http://dune.com,['https://linktr.ee/DuneAnalytics'],crypto,"research, analytics, platform",Dune,2/2/26 0:00
Deep Value Memetics,"Institutional-grade Stock & Crypto research. Join our Research Alpha discord, via website ⬇️.",https://deepvaluememetics.com,[],crypto,research,DV_Memetics,2/2/26 0:00
exponential.fi,The all-in-one platform to earn yield with DeFi.,https://exponential.fi,[],crypto,"platform, tools",ExponentialDeFi,2/2/26 0:00
Flagship.FYI 🟦,"✦ The superapp for AI driven crypto alpha ✦

Market-beating alpha
Any token, any chain
For $FYI holders only
In private beta",https://linktr.ee/flagshipfyi,[],crypto,"research, ai, analytics, platform",FlagshipFYI,2/2/26 0:00
Galaxy Research,$GLXY | Newsletter https://t.co/gS6b9XUHVt | Podcast https://t.co/hsBUlryJiw | Reports https://t.co/l3rGJmoE8y Disclaimer: https://t.co/dZG0gOY8I6,https://galaxy.com/research,"['http://gdr.email', 'http://galaxybrains.io', 'http://galaxy.com/research', 'http://galaxy.com/social-disclaimer/']",crypto,"research, fund, reports",glxyresearch,2/2/26 0:00
Gud Tech,AI for crypto research 🔎  What's your gud take? https://t.co/V69BS3Wjr6,https://gud.tech,https://ai.zircuit.com/,crypto,interesting,gudtech_ai,2/2/26 0:00
IQ AI,"IQ AI builds AI and DeFi technology powered by the IQ token. 
🇰🇷 Creator of KRWQ, the first Korean won stablecoin @KrwqCash",https://iqai.com/,[],crypto,"platform, tools",IQAICOM,2/2/26 0:00
K33 Research,"Understand the digital assets industry, from short-term market signals to long-term fundamentals. Formerly Arcane Research.",https://k33.com/info-research,[],crypto,"research, fund, reports",K33Research,2/2/26 0:00
Khala Research,Research house focused on Crypto x AI,http://khala.io,[],crypto,research,KhalaResearch,2/2/26 0:00
The Kobeissi Letter,"Official X account for The Kobeissi Letter, an industry leading commentary on the global capital markets. Email us: support@thekobeissiletter.com",https://thekobeissiletter.com/subscribe,[],crypto,research,KobeissiLetter,2/2/26 0:00
L2BEAT 💗,"L2BEAT is an open-source, public-good analytics and research platform dedicated to L2 scaling solutions 💗",https://l2beat.com/,[],crypto,"research, analytics, platform",l2beat,2/2/26 0:00
Lemur Labs,Messenger of Clear Ideas for Web3 Builders 🧠 📝,https://www.alpha-hunt.com/,[],crypto,research,lemur_labs,2/2/26 0:00
Loop,"Max leverage, max points, max yield with LP tokens as smart collateral | https://t.co/mwDynhj0BP |",,['http://app.loopfi.xyz'],crypto,"platform, tools",loopfixyz,2/2/26 0:00
Loris Tools,"The Original Real-Time Crypto Funding Rate Arbitrage Screener | 100% Free, Forever | No Login Required",http://loris.tools,[],crypto,"platform, tools, analytics",LorisTools,2/2/26 0:00
Memento Research,Narrative Amplifier,https://mementoresearch.com/publications/,[],crypto,research,mementoresearch,2/2/26 0:00
Messari,Messari is the leading provider of crypto market intelligence products that help professionals navigate crypto with confidence.,https://linktr.ee/MessariCrypto,[],crypto,"research, analytics, platform, reports",MessariCrypto,2/2/26 0:00
MetaSuites (Prev. MetaDock),"Builders’ Swiss Army Knife

/ 20+ Web3 Tools in 1 Browser Extension
/ Explain Tx with AI
/ 300M+ Address Labels
/ Fund Flow Map

👉TG: https://t.co/H0Red9rwKn",https://blocksec.com/metasuites,['http://t.me/BlockSecTeam'],crypto,"platform, tools",MetaDockTeam,2/2/26 0:00
BlockSec MetaSleuth,Crypto Tracking by @BlockSecTeam / Monitor Movements / Track Crime / DYOR / TG: https://t.co/6a39wbNU24 / 🚀  NEW: Try Phalcon Compliance FREE @Phalcon_xyz,http://metasleuth.io,['http://t.me/MetaSleuthTeam'],crypto,"platform, tools",MetaSleuth,2/2/26 0:00
Milk Road AI,"Get smarter about AI investing.

Capitalize on the biggest technological change in history across the infrastructure & app layers of AI.

By @MilkRoad",https://milkroad.com/subscribe/?utm_medium=social&utm_source=twitter_organic_ai&utm_campaign=biolink,[],crypto,"research, newsletter, platform",MilkRoadAI,2/2/26 0:00
OAK Research,"OAK Research is a crypto market intelligence platform that provides research, analysis and data —  French account : @OAK_Res",https://oakresearch.io/en/home,[],crypto,research,OAK_Res_EN,2/2/26 0:00
OS.University,A global project that provides learners and professionals with a competence passport on the blockchain. Blog: https://t.co/guc5JcIYri,https://os.university,https://medium.com/the-os-university-blog,crypto,interesting,OpenSource_Uni,2/2/26 0:00
r72.fi,"Low-risk crypto investment stats including crypto perpetual funding, and lending rates",https://r72.fi/,[],crypto,"platform, tools, analytics",r72_fi,2/2/26 0:00
Reflexivity Research,"Leading crypto native research
Free newsletter: https://t.co/ff5WEigSHh",http://reflexivityresearch.com,['http://reflexivityresearch.com/newsletter'],crypto,"research, newsletter, reports",reflexivityres,2/2/26 0:00
RootData | We're Hiring,"A Web3 asset data platform that pioneers in encapsulating both Onchain & OffChain Data. 
🔗https://t.co/Lq0fs1pys6",https://www.rootdata.com/,['https://www.rootdata.com/download'],crypto,"research, analytics, platform",RootDataCrypto,2/2/26 0:00
RWA.xyz,"Every tokenized real-world asset, in one place.

View the dashboard: 🌐 https://t.co/lkrRJBMVOB 🌐",https://www.rwa.xyz/,['http://app.rwa.xyz'],crypto,"platform, tools, analytics",RWA_xyz,2/2/26 0:00
Safary 🦁,"The ecosystem powering crypto's growth 🦁 
Grow faster with Safary's network, knowledge, & platform",https://linktr.ee/safaryclub,[],crypto,"research, analytics, platform",Safaryclub,2/2/26 0:00
Santiment,"📊 Market intelligence platform with on-chain & social metrics for 3,500+ cryptocurrencies. See what others in crypto can't! 😀
🔗 https://t.co/JetPYSRDGV",https://app.santiment.net/pricing?fpr=twitter,['https://linktr.ee/santiment'],crypto,"research, analytics, platform",santimentfeed,2/2/26 0:00
Sentora (previously IntoTheBlock),The Institutional DeFi Layer,https://www.sentora.com/,[],crypto,"research, fund, reports",SentoraHQ,2/2/26 0:00
Sharpe AI,AI-powered Crypto Terminal | Backed by @animocabrands @gbvofficial @Morningstar_vc,https://link3.to/sharpe_ai,[],crypto,"platform, tools",SharpeLabs,2/2/26 0:00
Sorsa,"Tweetscout is now Sorsa

Crypto social analytics made simple. Powered by data, not hopium. We spot gems before they moon - and scams before they rug",https://sorsa.io/,[],crypto,"platform, tools, analytics",SorsaApp,2/2/26 0:00
Stable.Fish - Best Stablecoin Pools,"Find the best stablecoin farming pools✨
-The largest number of $1M+ stablecoin pools
-Actual investment performance
-APY over the same period",https://stable.fish,[],crypto,"platform, tools, analytics",stable_fish,2/2/26 0:00
Surf,"The crypto AI platform replacing your existing workflows & enabling entirely new ones.

Powered by @BuildOnCyber. Backed by @PanteraCapital, @cbventures, @DCGco",http://asksurf.ai,[],crypto,"platform, tools",SurfAI,2/2/26 0:00
Thanefield Research,"@ThanefieldCap

Venture & Market Research

TG: https://t.co/q6cmmpf4zG",https://thanefield.capital,https://t.me/thanefieldresearch,crypto,research,ThanefieldRes,2/2/26 0:00
The DeFi Report,"Industry-leading research, market insights, and onchain data. 👉 https://t.co/CYcMZXUiNP",,['https://thedefireport.io/'],crypto,"research, newsletter",the_defi_report,2/2/26 0:00
TheBit Research,Unlocking crypto's potential through rigorous fundamental research and targeted advisory services. Make informed choices. #DeFi,https://thebitresearch.com,[],crypto,research,TheBitResearch,2/2/26 0:00
Tiger Research,Tiger Research is a leading Web3 market research and consulting firm specializing in the Asian market.,https://tiger-research.link/reports,[],crypto,"research, blog",tiger_research,2/2/26 0:00
TKResearch Trading,"Market updates, analysis, trading signals. From data to actionable insights. Join us: https://t.co/eGTaJwsQef. For business proposal, DM: http:// https://t.co/tVrJcpYFDB.",https://tk-research.beehiiv.com/,"['http://t.me/+FC46WN27lfplNGE1', 'http://t.me/tk_media']",crypto,"research, newsletter",TKR_Trading,2/2/26 0:00
Tokenomist,"The trusted source for tokenomics intelligence.
🔎 https://t.co/dNisBb2xx6 | 📊 https://t.co/LPfOqAjkb1 
💬 https://t.co/yH8tET5ArF",https://tokenomist.ai,https://insights.unlocks.app/,crypto,research,Tokenomist_ai,2/2/26 0:00
Token Terminal 📊,Fundamentals for crypto. Available also on the Bloomberg Terminal App Portal at APPS TOKEN GO.,https://tokenterminal.com,[],crypto,"research, analytics, platform",tokenterminal,2/2/26 0:00
vaults.fyi,"Turn your app into a DeFi app. Build w/ 💫 https://t.co/Y6FprqncT9 💫

Manage your positions across 75+ DeFi protocols (no fees) 💰 https://t.co/WfI2VDXrjB 💰",https://app.vaults.fyi/,"['http://vaults.fyi/api', 'http://app.vaults.fyi']",crypto,"platform, tools, analytics",vaultsfyi,2/2/26 0:00
WENSER - Airdrop Checker,"WENSER - Airdrop Checker | zkSync, Linea, Base, Scroll, Zora, Taiko, Metamask, Jumper and more.

https://t.co/ZvLTrIMLpt",http://wenser.xyz,['http://discord.gg/8mRqmRqYfC'],crypto,"platform, tools",wenserapp,2/2/26 0:00
xo2.com,"learn what is going to outperform before it outperforms.

founded in 1873, xo2 is the world's largest moderately evil corporation

https://t.co/m2AljDaxQ6",http://www.xo2.com,['http://discord.gg/FRjwfMTktw'],crypto,"platform, tools, analytics",xo2corporation,2/2/26 0:00
Zaplist ⚡ DeFi,Your access point to the decentralized financial stack | Tools & resources for all things crypto  👇,https://zaplist.xyz/,[],crypto,"platform, tools",zaplist_,2/2/26 0:00
AI Tools One,"All AI tools in one place! No.1 #AIDirectory

👍 Submit your AI to rank and reach more users: https://t.co/AoFK8aA2t5",http://aitoolsone.com,['https://aitoolsone.com/submit-ai-tool'],ai,"platform, tools, directory",aitoolsone,2/2/26 0:00
Arkhet (BTS),AI Prototyping for Product Teams,http://www.arkhet.com,[],ai,"platform, tools",Arkhet_app,2/2/26 0:00
Lovable,Build apps and websites by chatting with AI,https://lovable.dev,[],ai,"platform, tools, vibe_coding",Lovable,2/2/26 0:00
Granola,The AI notepad for people in back-to-back meetings.,http://granola.ai,[],ai,"platform, tools, notetaker",meetgranola,2/2/26 0:00
Mokkup.ai,"For Data Professionals, PMs, UI/UX Designers, Developers, anyone looking to create high-fidelity dashboard mockups in minutes.
Try https://t.co/xKzYz0OEh1 for free!",https://www.mokkup.ai/,['http://Mokkup.ai'],ai,"ai, tools",Mokkup_ai,2/2/26 0:00
PoweredbyAI - AI Tools Directory,"Fastest Growing AI Tools Directory⚡| Discover 5700+ Latest AI Tools 

➡️ Submit your AI tool: https://t.co/VU1AtIMbaD

Managed by @011bq_official",https://poweredbyai.app/?utm_source=PoweredbyAI&utm_medium=Twitter&utm_campaign=Twitter_Bio,['https://shorturl.at/IWENc'],ai,"platform, tools, directory",poweredbyai_app,2/2/26 0:00
Simplifying AI,"Helping you master AI daily with step-by-step AI guides, latest news & practical tools",https://simplifyingai.co,[],ai,"news, tools",simplifyinAI,2/2/26 0:00
Softr,"The easiest way to build custom portals and tools with your data— just a few clicks, no coding required. #nocode #internaltools",https://www.softr.io/,[],ai,"tools, platform, vibe_coding",softr_io,2/2/26 0:00
Tool Pilot AI - AI Tools Directory,"Discover a world of AI Tools - Visit us at https://t.co/4jGUPXW1mx
#toolpilot #aitools #aitoolreviews #aitoolsdirectory",https://www.toolpilot.ai,['http://toolpilot.ai'],ai,"platform, tools, directory",toolpilotai,2/2/26 0:00
TopAI.tools,We'll help you discover awesome AI tools and products everyday. Don't be a robot be a productivity machine.,https://topai.tools,[],ai,"platform, tools, directory",ToolsTopai,2/2/26 0:00
Vibe Coding,VibeCoding is a design and development team headed up by web enthusiasts around the globe. Check out our site for more info!,http://www.vibecoding.com/,[],ai,"tools, platform",VibeCoding,2/2/26 0:00
Vibe Coding,Anyone can build apps now. Daily updates on the AI tools making it happen. Welcome to the vibe coding revolution.,http://vibe-coding.fm,[],ai,"tools, podcast, platform",vibecoding_fm,2/2/26 0:00
Page AI,No Code AI Website Builder,https://pageai.pro/,[],ai,vibe_coding,,2/2/26 0:00
Page UI,set of react landing page components & templates that you can copy & paste into you codebase,http://pageui.shipixen.com/,[],dev,"dev_tools, UI, design",shipixen,2/2/26 0:00
Cron Tap,Schedule recurring API calls,https://crontap.com/,[],dev,dev_tools,crontapp,2/2/26 0:00
Vibe Code App,Describe what you want and bring your ideas to life,https://www.vibecodeapp.com/,[],ai,vibe_coding,vibecodeapp,2/2/26 0:00
Note GPT,"Designed to help learners and creators work 10× faster across summarizing, learning, research, writing, visual expression, image creation, and audio creation.",https://notegpt.io/,[],ai,"writing, summarizing, images",NoteGPT_AINote,2/2/26 0:00
Code Academy,Online courses platform,https://www.codecademy.com/,[],ai,education,Codecademy,2/2/26 0:00
Educative,"Interactive coding courses for system design, algorithms, and interview prep",https://www.educative.io/courses/claude-code,[],ai,education,educativeinc,2/2/26 0:00
Google Prompting Essentials,Google's course on AI prompt engineering and effective AI interaction,https://career.skills.google/paths/2337,[],ai,education,,2/2/26 0:00
Learn Prompting,Comprehensive prompt engineering course with 60+ modules in 9 languages,https://learnprompting.org/,[],ai,education,learnprompting,2/2/26 0:00
Scrimba,Interactive coding platform with screencasts for web development learning,https://scrimba.com/,['https://discord.com/invite/nDebDaqCcR'],dev,education,,2/2/26 0:00
Figma Make,Describe what you want and it'll design the UI for you,https://www.figma.com/make/,[],ai,"vibe_coding, design",,2/2/26 0:00
Uizard,Convert hand-drawn images into prototypes,https://uizard.io/,[],ai,"dev_tools, UI, design",uizard,2/2/26 0:00
Stich By Google,"Stitch by @GoogleLabs turns your ideas into beautiful interface designs, powered by some of the latest Gemini models.",https://stitch.withgoogle.com/,[],ai,"dev_tools, UI, design",stitchbygoogle,2/2/26 0:00
Builder.io,Design to Shipped. Faster.,https://www.builder.io,[],ai,"platform, tools, vibe_coding",builderio,2/3/26 11:00
Dorik AI,"Build stunning websites with AI — no code needed.
Try our free copywriter tool: https://t.co/gEOCTWHFBF",http://dorik.com,['https://linktr.ee/dorik_ai'],ai,"platform, tools, vibe_coding",dorik_io,2/3/26 11:00
Flowmapp,"Visual platform for ⚡️ planning, designing and pitching beautiful websites and web products → https://t.co/2Kx3YDOoQX 👩‍💻 👨‍💻",https://www.flowmapp.com/,['http://www.flowmapp.com'],ai,"platform, tools, vibe_coding",flowmapp,2/3/26 11:00
Framer,The site builder loved by designers,http://framer.link/x,[],ai,"platform, tools, vibe_coding",framer,2/3/26 11:00
Glide,"Software that moves with you. Glide is an intelligent, no-code platform that empowers operations teams to build custom business software—fast.",http://glideapps.com/,[],ai,"platform, tools, vibe_coding",glideapps,2/3/26 11:00
HeroUI,Modern React UI library with beautiful components and Tailwind CSS,https://www.heroui.com/,"['https://discord.com/invite/9b6yyZKmH4', 'https://github.com/heroui-inc/heroui']",ai,"dev_tools, UI, design",hero_ui,2/3/26 11:00
Jack Culpan,"🐝 swe @beehiiv

📧 https://t.co/S8041tVNLf
✈️ https://t.co/VpLv4GTwFx
🤖 https://t.co/7PnF4bx1vb (acq)
⚽ TalkFPL (acq @FFH_HQ)",https://jackculpan.com,"['http://SmartWithPoints.co.uk', 'http://AwardTravelFinder.com', 'http://WebscrapeAI.com']",ai,"website, vibe_coder",JackCulpan,2/3/26 11:00
mmm.page,drag and drop website builder,https://mmm.page/,"['https://discord.com/invite/4ZCvv8aNKd', 'https://woolgather.sh/']",ai,"platform, tools, vibe_coding",mmmdotpage,2/3/26 11:00
Mobirise AI Website Builder,"Create awesome mobile-first websites in a few clicks! Easy, fast and free. No technical skills required. Contact us at support@mobirise.com",https://mobirise.com,[],ai,"platform, tools, vibe_coding",Mobirise,2/3/26 11:00
Modul,"Build your personal space online to share your life's work.
Built with love by @imlucasgrey, @someshowman, @feather_xu.",http://modul.so,[],ai,"platform, tools, vibe_coding",ModulHQ,2/3/26 11:00
Universe,Website Builder for Humans. 2023 Apple Design Award Winner.,http://universeapp.com,[],ai,"platform, tools, vibe_coding",onuniverse,2/3/26 11:00
Pagy,"Build a website in minutes, for free, and on your own domain. By @hernansartorio.",https://pagy.co,[],ai,"platform, tools, vibe_coding",pagyco,2/3/26 11:00
Potion,Create custom websites in minutes. All on Notion.,https://potion.so,[],ai,"platform, tools, vibe_coding",potion_so,2/3/26 11:00
Relume,"Build Faster and Design Better with AI in Figma, Webflow, and React.",https://relume.io/?via=x,[],ai,"platform, tools, vibe_coding",relume_io,2/3/26 11:00
Shipixen ✨,"An app to make a production-ready landing page & blog with your branding, theme & pages. You get the code & an SEO-optimized site so you can focus on building",https://shipixen.com,[],ai,"platform, tools, vibe_coding",shipixen,2/3/26 11:00
Softr,"The easiest way to build custom portals and tools with your data just a few clicks, no coding required. #nocode #internaltools",https://bit.ly/3VXQznX,[],ai,"platform, tools, vibe_coding",softr_io,2/3/26 11:00
SpreadSimple,A blazing-fast way to create and manage sites using Google Sheets #nocode,https://spreadsimple.com,[],ai,"platform, tools, vibe_coding",SpreadSimpleHQ,2/3/26 11:00
Stunning.so,text based website builder,http://stunning.so,[],ai,"platform, tools, vibe_coding",StunningsoHQ,2/3/26 11:00
superblog,"Blazing fast & auto-SEO alternative to WordPress and Medium blogs. Focus on writing content, superblog handles the rest.

Status: https://t.co/sziKxj8b8C",https://superblog.ai,['http://superblog.ai/status'],ai,"platform, tools, vibe_coding",superblog_ai,2/3/26 11:00
Typedream,AI Website Builder,https://typedream.com,[],dev,"platform, tools, design, UI",TypedreamHQ,2/3/26 11:00
Umso,The website builder for startups. Built by humans for humans.  Email help@umso.com for support.,https://www.umso.com,[],ai,"platform, tools, vibe_coding",umsohq,2/3/26 11:00
Unicorn Platform 🦄,"Website, Directory & Landing Page Builder.
For Busy SaaS Founders & Indie Makers.
Easy to use, but Insanely Capable.
#1 on PH
By @johnrushx →https://t.co/0tf3ZqB6zE",https://unicornplatform.com/,['http://unicornplatform.com'],ai,"platform, tools, vibe_coding",unicornplatform,2/3/26 11:00
Figment 🏄‍♂️,"Turn Figma designs into beautiful websites without code.
30 second websites. Tweet at us with your figma design and we'll make your website.",https://figment.so,[],ai,"platform, tools, vibe_coding",useFigment,2/3/26 11:00
Versoly,SaaS focused website and landing page builder,https://versoly.com/,[],ai,"platform, tools, vibe_coding",Versoly,2/3/26 11:00
Webflow,"Webflow is the world’s first Website Experience Platform (WXP). Build, manage, and optimize your websites — with the power of AI.

https://t.co/WMw6fligrJ",https://wfl.io/twitter,['http://wfl.io/getsupport'],ai,"platform, tools, vibe_coding",webflow,2/3/26 11:00
Wegic,"Wegic is your AI website team — Your AI designer, developer, and manager. Just chat, and your site will be built, ran, and effortlessly updated.",http://wegic.ai,[],ai,"platform, tools, vibe_coding",wegic_ai,2/3/26 11:00
weweb.io,https://t.co/nPL3ggYvRf (YC W21) is an AI-powered no-code web-app builder that helps you build production-grade applications 100x faster with no vendor lock-in.,https://academy.weweb.io/,['http://weweb.io'],ai,"platform, tools, vibe_coding",weweb_io,2/3/26 11:00
ycode.com,"Build professional websites easy, fast, and affordable.
Our community: https://t.co/kNVZbo0cMZ",https://www.ycode.com,['http://community.ycode.com'],ai,"platform, tools, vibe_coding",ycodedotcom,2/3/26 11:00
Google Antigravity,An agentic development platform evolving the IDE into the agent-first era @GoogleDeepMind,https://antigravity.google/,[],ai,"platform, tools, vibe_coding",antigravity,2/3/26 11:10
Visual Studio Code,The open source AI code editor,https://code.visualstudio.com,[],dev,"platform, tools, vibe_coding",code,2/3/26 11:10
Cursor,The best way to code with AI.,http://cursor.com,[],ai,"platform, tools, vibe_coding",cursor_ai,2/3/26 11:10
Firebase,"Unlock the power of generative AI for your app and business. Firebase helps you prototype, build, and run modern apps that users love at scale.",https://Firebase.google.com,[],dev,"platform, tools, vibe_coding",Firebase,2/3/26 11:10
GitHub,"The AI-powered developer platform to build, scale, and deliver secure software.",http://github.com,[],dev,"platform, tools, vibe_coding",github,2/3/26 11:10
Google AI Studio,The fastest path from prompt to production with Gemini,https://ai.studio/build,[],ai,"platform, tools, vibe_coding",GoogleAIStudio,2/3/26 11:10
Replit ⠕,"Idea to app, fast. Create beautiful, modern web applications at the speed of thought with the power of Replit's AI Agent.",http://replit.com,[],ai,"platform, tools, vibe_coding",Replit,2/3/26 11:10
Supabase,"The Postgres development platform.
🌐 https://t.co/kHsst88XA1
⭐️ https://t.co/txGagqok1i
🎥 https://t.co/6eTjCTIrzK
💬 https://t.co/ikFm89oPVI",https://supabase.com,"['http://supabase.com', 'http://github.com/supabase', 'http://youtube.com/supabase', 'http://discord.supabase.com']",dev,"platform, tools, vibe_coding",supabase,2/3/26 11:10
v0,Full stack vibe coding platform. Created by @vercel.,http://v0.app,[],ai,"platform, tools, vibe_coding",v0,2/3/26 11:10
Vercel,Self-driving infrastructure for apps and agents.,https://vercel.com,[],ai,"platform, tools, vibe_coding",vercel,2/3/26 11:10
Webscrape AI,No code web scraping tool,https://webscrapeai.com/,[],ai,"platform, tools, scraping",webscrapeai,2/3/26 11:10
Windsurf,"Tomorrow's Editor, Today.",http://wind.surf/x,[],ai,"platform, tools, vibe_coding",windsurf,2/3/26 11:10
B12,B12 is the easiest AI website builder. Generate your site in 60 seconds and launch for free today!,http://b12.io,[],ai,"platform, tools, vibe_coding",b12,2/3/26 11:10